filename, LEVEL_2, LEVEL_3, LEVEL_4, LEVEL_5, LEVEL_6, LEVEL_7
6-Top-Down_jpg.rf.4252cf8d3e687a40911d8b5f9da50e83.jpg,0,0,0,0,0,1
21-Top-Down_jpg.rf.f734ee6ad56c1c2ef52282075baf6ab5.jpg,0,0,1,0,0,0
29-Left_jpg.rf.135d5af193e222e625aabea88f4180a2.jpg,0,1,0,0,0,0
2-Left_jpg.rf.87838472392bb67c2b54b51a290891b0.jpg,0,0,0,0,1,0
9-Back_jpg.rf.46221e6415c7b920153e6ba0980d503d.jpg,1,0,0,0,0,0
2-Back_jpg.rf.c5fb34b6a9feb50669dd632b7c24ffdd.jpg,1,0,0,0,0,0
14-Front_jpg.rf.6a95450a673f82311e8317decd60642d.jpg,0,0,0,1,0,0
12-Top-Down_jpg.rf.cb4106aec0523407e43e550bf68ff1c0.jpg,0,0,1,0,0,0
37-Right_jpg.rf.5186a20805c6283ad88be8510f7781cd.jpg,0,1,0,0,0,0
29-Top-Down_jpg.rf.4562f11f4ae0930b3f8696c21208a0c5.jpg,0,0,0,0,1,0
48-Right_jpg.rf.7450d1acc6f7b4d7ca25eeb001036584.jpg,0,1,0,0,0,0
10-Right_jpg.rf.81bf960665882b039f0f5ce6464982df.jpg,0,0,0,0,0,1
54-Back_jpg.rf.a9ae68c985c88ecab6e0e28d0eab9b09.jpg,0,1,0,0,0,0
31-Left_jpg.rf.5ef06b8de4acd31da7f48d7473c0d95d.jpg,0,0,1,0,0,0
9-Left_jpg.rf.e0eb20d7ed50e2e109195ab512cc39b9.jpg,0,0,0,0,0,1
5-Front_jpg.rf.54115590bbe4df89d97573fb9fb6c200.jpg,0,0,0,0,1,0
13-Front_jpg.rf.940fe07469ada7e9249052857b3b1d89.jpg,0,0,0,0,0,1
27-Left_jpg.rf.9078d1b22afbfc8cef9a19dbed304c22.jpg,0,0,1,0,0,0
4-Front_jpg.rf.9ad4fa431680a14062e824e7b667c7bb.jpg,0,0,0,0,1,0
11-Back_jpg.rf.ebfa24173a2a183075247146e7fc121c.jpg,0,0,1,0,0,0
14-Back_jpg.rf.7b3ec44a2b7b97dbe62ac1621856b1a6.jpg,0,0,0,0,1,0
7-Top-Down_jpg.rf.61fccbcb9d5d1f625d0f554270759509.jpg,0,0,1,0,0,0
11-Left_jpg.rf.51d87e915efbc8cef264f80b649c34c2.jpg,0,0,0,1,0,0
34-Top-Down_jpg.rf.88deb4adc20379d2b23326eaf670f136.jpg,0,1,0,0,0,0
30-Right_jpg.rf.01d4d68357a98a12fe3e2a731e9129f8.jpg,1,0,0,0,0,0
27-Left_jpg.rf.cf8873feac9415896b9b21adc146601e.jpg,1,0,0,0,0,0
12-Top-Down_jpg.rf.100ec81517b659086af07db2a0c60a38.jpg,0,0,0,0,0,1
36-Front_jpg.rf.005d97c03645bf0fe003d7885339b790.jpg,0,0,1,0,0,0
9-Right_jpg.rf.7364cd44966abb7f2d36d20da453b69f.jpg,0,0,0,0,0,1
15-Left_jpg.rf.636ab47745159c5746ce35ee19dd077a.jpg,0,0,1,0,0,0
8-Left_jpg.rf.1a501a8759faeeb57a9f9e7051789e46.jpg,0,0,0,0,0,1
19-Right_jpg.rf.a8f571ee27363095e2c9346925284fce.jpg,1,0,0,0,0,0
32-Back_jpg.rf.81ecf362a6cc047fce6076c3842ebbd1.jpg,1,0,0,0,0,0
17-Back_jpg.rf.b5fab8f7dfa6bb98c1d3f782111e140c.jpg,0,0,0,0,0,1
21-Front_jpg.rf.7b95649a0ef7c7d38fe70d8a9257316f.jpg,0,0,0,0,1,0
23-Front_jpg.rf.6441fbdb2df06ccf02cf60e26530a125.jpg,0,0,1,0,0,0
24-Right_jpg.rf.592e48abaa8d07478266dd60fd6bb58d.jpg,0,0,0,1,0,0
14-Left_jpg.rf.9ecdedd007023f6ad741f7754c5f3ca4.jpg,0,0,0,1,0,0
24-Left_jpg.rf.aa02bb313c5ed9135bd778375806ef54.jpg,0,1,0,0,0,0
5-Back_jpg.rf.7e5812edc482c77e34d80940bf83e126.jpg,0,0,0,0,1,0
2-Top-Down_jpg.rf.77dd373123282c422323b2f95b0cb4f4.jpg,0,0,0,1,0,0
27-Left_jpg.rf.0a1b93b0e865a30d03a06aed7a9ca777.jpg,0,0,0,0,1,0
18-Left_jpg.rf.a5b69a04c1251744be4902efd7611cd2.jpg,0,0,0,1,0,0
12-Top-Down_jpg.rf.98b33c561571e008d2501c4e534821c8.jpg,0,0,0,0,0,1
33-Right_jpg.rf.046c64af3d78020d588a6a9777b4408d.jpg,1,0,0,0,0,0
29-Back_jpg.rf.f476d8d1af4c3900b5a71dc7df6cd71e.jpg,0,0,0,0,1,0
4-Top-Down_jpg.rf.c23fbf9f795744f22bbf49f8ef4f304e.jpg,0,0,0,0,1,0
1-Front_jpg.rf.5c241385d8c50a5039993a444fd3af00.jpg,0,0,1,0,0,0
37-Back_jpg.rf.8e22e3b35e74ec7d045a14f1f7ee94ee.jpg,1,0,0,0,0,0
16-Back_jpg.rf.38c57874e16882461eb284e88af5b945.jpg,0,0,1,0,0,0
24-Front_jpg.rf.eb791455d6ef273d2913f0547ff52b87.jpg,0,0,0,1,0,0
36-Left_jpg.rf.583f70533dd2ddc9cbf822eb61bf3bd2.jpg,1,0,0,0,0,0
27-Right_jpg.rf.e82172e344f8fb372c484015e47dd3dc.jpg,0,0,0,0,1,0
21-Right_jpg.rf.89f585b90f7d0afbf4842a41356b7ca9.jpg,1,0,0,0,0,0
13-Front_jpg.rf.06f48e5575243bd9efef6d68234e1fb7.jpg,0,0,0,0,0,1
23-Front_jpg.rf.948d55b7af4dd4a0869929d273f35cb6.jpg,1,0,0,0,0,0
31-Back_jpg.rf.1e03221e8501fb77ca144fc3ee86b2c7.jpg,0,0,1,0,0,0
20-Top-Down_jpg.rf.a8ffa161be2233b4579e3c7fc3b9d128.jpg,1,0,0,0,0,0
20-Front_jpg.rf.1197ac6b50456ab9da50a61193e60869.jpg,1,0,0,0,0,0
28-Right_jpg.rf.e2e4e7233757c9915702a68d355d37e4.jpg,0,0,0,0,1,0
23-Left_jpg.rf.2bebacc52c6ba36fa7d097d11f41f7dd.jpg,1,0,0,0,0,0
20-Top-Down_jpg.rf.c82841bbb4233a96c9231ca1f24eb63a.jpg,0,0,1,0,0,0
4-Front_jpg.rf.b299b990d75056bdc4f2b6d89c53861e.jpg,0,0,0,0,1,0
37-Top-Down_jpg.rf.490947989825723e0d39cf2397ed79bb.jpg,0,1,0,0,0,0
33-Front_jpg.rf.7702aca5e0d03240409a67849b97c836.jpg,1,0,0,0,0,0
17-Left_jpg.rf.8fe880fdfb2728faf35eabb81d8eb59e.jpg,1,0,0,0,0,0
38-Right_jpg.rf.46804c8660da4afdc45c3ef619edb548.jpg,0,0,1,0,0,0
16-Left_jpg.rf.c015ed49c47a09224b1fdd7a6b96a235.jpg,0,0,0,1,0,0
26-Back_jpg.rf.f35d27bef80bccb89083427d5b2839cc.jpg,0,0,0,0,1,0
36-Right_jpg.rf.fd02bd2ea2e4b1e0c6720a2998dec1a0.jpg,1,0,0,0,0,0
39-Left_jpg.rf.e0b77931c8fc72b3dc27f886df11ae06.jpg,0,0,1,0,0,0
57-Front_jpg.rf.d13f1710e683aa9173dbab329c07bbab.jpg,0,1,0,0,0,0
27-Top-Down_jpg.rf.3a66310593c1e4e4decf80041b51d019.jpg,0,0,0,0,1,0
25-Back_jpg.rf.f914314a565cd2a32a75ec4c144dee84.jpg,0,0,0,0,1,0
19-Back_jpg.rf.a0896874e0dfb9b484d7edf54c3053d8.jpg,0,0,0,0,1,0
32Left_jpg.rf.b8c2805883b70aaff42bf6a3528fc207.jpg,1,0,0,0,0,0
21-Top-Down_jpg.rf.d79c4378187ddba2c6f5b7e13f47a331.jpg,0,0,1,0,0,0
1-Right_jpg.rf.bd05fe4a43a3a5dba0bc939a5ebc3290.jpg,1,0,0,0,0,0
20-Front_jpg.rf.ce9e9ed9eb759a5deca870c0d5fb35c0.jpg,0,0,1,0,0,0
17-Back_jpg.rf.8bfe56ec5dbf237c263036f25917f059.jpg,0,0,0,0,0,1
31-Back_jpg.rf.d6a4795995eb9e009f33be93055b0577.jpg,0,0,1,0,0,0
24-Left_jpg.rf.063b9f0358d60a3f6eecfdb486050a28.jpg,1,0,0,0,0,0
23-Right_jpg.rf.bf16585440f16e893e95652a3a0349af.jpg,1,0,0,0,0,0
18-Front_jpg.rf.32e64642dda178787a6aed4f43d5aa81.jpg,0,0,0,1,0,0
14-Left_jpg.rf.cacd3c839494c6c0ee8ac2774f84e80e.jpg,1,0,0,0,0,0
18-Right_jpg.rf.4047e6f0084884a408cadc919bdc36d3.jpg,0,0,0,1,0,0
2-Back_jpg.rf.ed764528900fe17c43ff8d6b57df0913.jpg,0,1,0,0,0,0
39-Back_jpg.rf.8d7360446c976ce0e1419638d9f60037.jpg,0,0,1,0,0,0
12-Right_jpg.rf.b3f6c0ebcab328306fb7adb0f7e883de.jpg,0,0,0,0,0,1
6-Right_jpg.rf.8e13159d0cc539e8b76da1ae812252dc.jpg,1,0,0,0,0,0
37-Front_jpg.rf.b83d9f054c80d9a6faeb6092b3c90cc2.jpg,0,1,0,0,0,0
6-Top-Down_jpg.rf.4976b65267e6900aba5ca808560b3728.jpg,0,0,0,0,0,1
31-Top-Down_jpg.rf.b7c7e79045311e9c4fad0a1779cbfdbe.jpg,0,1,0,0,0,0
7-Back_jpg.rf.698cfab3662fb10a521dc3ef42223550.jpg,0,0,1,0,0,0
37-Top-Down_jpg.rf.0d750eab4000b0b9297572b8b77ea610.jpg,0,1,0,0,0,0
21-Right_jpg.rf.6fdd7a6c3c626a07b9d75c903542e652.jpg,0,0,0,1,0,0
6-Left_jpg.rf.0394963f12c0397b92feab3790e327a8.jpg,0,1,0,0,0,0
33-Top-Down_jpg.rf.bd9e644b6d1532dc0c6cbca0c7e23a17.jpg,1,0,0,0,0,0
1-Left_jpg.rf.f6a3bd1d03e7f6980d6b6231b1788e15.jpg,0,0,0,1,0,0
11-Back_jpg.rf.3d42ac12c69f0c4ab04125053996e9ea.jpg,0,0,0,0,1,0
14-Front_jpg.rf.ce742ad68226295b050cdd75f7da1c2a.jpg,0,0,0,1,0,0
37-Front_jpg.rf.784394bccac3783610b59baaefe4a250.jpg,1,0,0,0,0,0
1-Front_jpg.rf.234471d6c60abd6004ddd7d6babd0c9d.jpg,1,0,0,0,0,0
37-Right_jpg.rf.b1e7b60d0f3fb1d2f55f3f5238e7a5ab.jpg,0,0,1,0,0,0
1-Left_jpg.rf.16d64598dcc21fbd2a503cd4989dbbf6.jpg,0,1,0,0,0,0
12-Top-Down_jpg.rf.4fb3535bb1cbc98c919b27d8c59f1d48.jpg,0,1,0,0,0,0
35-Top-Down_jpg.rf.dd325471c90f02f79fc2051989fbec54.jpg,1,0,0,0,0,0
23-Left_jpg.rf.16d975d02596e3cd4df79c32393e6ae9.jpg,1,0,0,0,0,0
29-Back_jpg.rf.354e48bcb83f7fda7645e4f5bfa5c095.jpg,0,0,0,0,1,0
33-Front_jpg.rf.05f85d82283aa942e286acd3f1800695.jpg,0,1,0,0,0,0
24-Top-Down_jpg.rf.045a5f31fc2b68cb6196452b4dff3092.jpg,0,0,0,0,1,0
35-Front_jpg.rf.ff48cd0c3c0b68f3a33b6e48ccc57fe2.jpg,0,0,1,0,0,0
30-Left_jpg.rf.0f969e76a906577bd8fafa863b6490e4.jpg,0,0,0,0,1,0
3-Back_jpg.rf.cf7438ebe81acd719bed2cd99acfdcd5.jpg,1,0,0,0,0,0
28-Back_jpg.rf.88c35cb358f8e0638c2bc8fe61518733.jpg,1,0,0,0,0,0
23-Right_jpg.rf.26d9c715a9be77560c2ff91fe4066b44.jpg,0,0,0,1,0,0
1-Back_jpg.rf.b6a254ea4007912c220c12d834ebbd77.jpg,0,0,1,0,0,0
5-Right_jpg.rf.9743c76d3ecbe8ae7dad7fc9f4458b98.jpg,0,0,0,0,0,1
21-Back_jpg.rf.38f3c9817aa69b4a6a3a7ad2e3922e00.jpg,0,0,1,0,0,0
19-Right_jpg.rf.889e9100e8f7b3e163f3ed179f5cc4c2.jpg,0,0,0,0,1,0
18-Back_jpg.rf.a07565a3905c63c4e23ac0efa5c2955b.jpg,0,0,0,1,0,0
9-Right_jpg.rf.bb854a0880f49c918ded0a9c8c417c32.jpg,0,0,0,0,0,1
36-Right_jpg.rf.2db400901ea44f43439b966e96ddaffe.jpg,0,0,1,0,0,0
33-Top-Down_jpg.rf.f6eea613cb4862265a7743b4d869d215.jpg,0,1,0,0,0,0
22-Left_jpg.rf.14b643c5757bfa2a42449b992d42006b.jpg,0,0,0,1,0,0
1-Back_jpg.rf.942be91b5ae32e6f4d9ceee3f70a69ca.jpg,0,0,0,1,0,0
11-Back_jpg.rf.a256955c1dcdf295bf8466e9237454ea.jpg,0,0,0,0,1,0
25-Left_jpg.rf.26af6bd06e63a5c928e04aae222437bd.jpg,0,0,0,0,1,0
29-Left_jpg.rf.bc835b0411f3ac6b47f7c173c5358dc0.jpg,0,1,0,0,0,0
5-Right_jpg.rf.c55d9c78a560edafee0f51664725a858.jpg,0,0,0,0,1,0
31Left_jpg.rf.ea199b89c678d3eced3573c67cfcada0.jpg,1,0,0,0,0,0
7-Top-Down_jpg.rf.a871e6ecba85b91df60eaba029d04b15.jpg,0,0,1,0,0,0
21-Right_jpg.rf.4cfc06833744b6a99233a74da79e8338.jpg,1,0,0,0,0,0
20-Back_jpg.rf.e28ce232d45151e710ec5f5f6a84a4ef.jpg,0,0,1,0,0,0
14-Left_jpg.rf.8b441b75f30ea87d0c14531dc02cd068.jpg,0,0,0,1,0,0
36-Right_jpg.rf.63b42a7b9ae4cb482cba225dbaac9824.jpg,0,0,1,0,0,0
17-Back_jpg.rf.4ce1b1a458822a68edd819ed76389fca.jpg,0,0,0,1,0,0
7-Front_jpg.rf.3909d89694157478bacb74745536e51f.jpg,0,0,1,0,0,0
24-Right_jpg.rf.862b4a6ca7137363e8eba60a791a1e16.jpg,0,1,0,0,0,0
17-Right_jpg.rf.230dcee8635e99bd0a120720ce48f9fb.jpg,0,1,0,0,0,0
2-Right_jpg.rf.9e59b1ef5598dcf6f0d68ab2fc7d6caa.jpg,0,0,0,1,0,0
8-Top-Down_jpg.rf.49f71278347b1c811f7e9f2e3cbcae12.jpg,0,0,0,0,0,1
51-Left_jpg.rf.c0992bf8ef94052f1e1efad4a066a877.jpg,0,1,0,0,0,0
14-Left_jpg.rf.9d4fd15fd787725a0e042169670b4a6e.jpg,0,1,0,0,0,0
14-Back_jpg.rf.11cdd285d34575db297b3613759a4909.jpg,0,0,0,0,1,0
48-Front_jpg.rf.73a5eb7da659d04a1da7cb3c89445c83.jpg,0,1,0,0,0,0
24-Right_jpg.rf.af458697235e0080f15aa25a9950ba5b.jpg,0,1,0,0,0,0
19-Left_jpg.rf.6ccc496c583ff088255b3bb0b51547e7.jpg,1,0,0,0,0,0
24-Front_jpg.rf.52a584caf6f3030c7d26131724a90e25.jpg,1,0,0,0,0,0
33-Right_jpg.rf.c4a003d3939a96f84b1c43a10ab376f9.jpg,1,0,0,0,0,0
11-Right_jpg.rf.b029d8559747379889ca5872529af1da.jpg,0,0,0,1,0,0
18-Front_jpg.rf.9a431a083f39682c72ea72090192d2d5.jpg,1,0,0,0,0,0
39-Back_jpg.rf.652888db3cd6336546caa64ff94391ff.jpg,0,1,0,0,0,0
21-Left_jpg.rf.dc17299e895b6dd216c1e3732bee069f.jpg,0,0,0,1,0,0
50-Top-Down_jpg.rf.f5ec66642e51c449998c69cdbfc0b7ea.jpg,0,1,0,0,0,0
24-Front_jpg.rf.7d09e1923bf81c7bebb5bfb8b8e910dc.jpg,1,0,0,0,0,0
22-Left_jpg.rf.d7e04c8255710eb688a4f3390d3e9e87.jpg,1,0,0,0,0,0
1-Front_jpg.rf.7bb2147ccbc21d266846c229c8d87d8e.jpg,0,0,0,0,0,1
23-Top-Down_jpg.rf.b75de8542ee5996e671f025c8fa57ed4.jpg,1,0,0,0,0,0
22-Top-Down_jpg.rf.6437a923fd02b7d20f9634093394c440.jpg,1,0,0,0,0,0
20-Right_jpg.rf.be89b87f4fb577b68d78fd4bfe24884c.jpg,1,0,0,0,0,0
6-Right_jpg.rf.2ba0c6a9cdb0db91edba2fb85a85f5cd.jpg,0,0,0,0,0,1
12-Top-Down_jpg.rf.89638b13c4bfb098c772ae5cb188ce13.jpg,0,1,0,0,0,0
12-Right_jpg.rf.35dafa07466602d0f27868b3d8d854b8.jpg,0,0,1,0,0,0
14-Right_jpg.rf.f5e76319be0b1fb97539ed4b2caec243.jpg,0,0,1,0,0,0
36-Back_jpg.rf.47348d686f1bbdc63d35334d3c6971e1.jpg,1,0,0,0,0,0
9-Top-Down_jpg.rf.4eb6efc389dd459bfdbd7163cb874351.jpg,1,0,0,0,0,0
17-Back_jpg.rf.4ba651eef51a4a6aaa5864ecb725205c.jpg,0,0,0,1,0,0
9-Front_jpg.rf.64fce6de317e3a8eb046262541c2c468.jpg,0,0,0,0,0,1
29-Top-Down_jpg.rf.2c40f9895fc26887cac3766bafe0958b.jpg,0,1,0,0,0,0
16-Left_jpg.rf.6af0d8278d124a2f5f6613bc1b1b7f90.jpg,0,0,0,0,0,1
25-Front_jpg.rf.af300286af62fbc23142c51e3afef484.jpg,0,0,0,1,0,0
25-Back_jpg.rf.a32045a5890778f7b0de2e55534f1b2f.jpg,0,0,0,1,0,0
35-Top-Down_jpg.rf.41648e891ae41d33b954ea0b57b9864b.jpg,0,0,1,0,0,0
18-Left_jpg.rf.5cb57855bdb70d32382a0103eaff360b.jpg,0,0,1,0,0,0
27-Top-Down_jpg.rf.19e21055004e8f91fc7eea991b28e7e2.jpg,0,0,0,1,0,0
18-Right_jpg.rf.cd4fdb2dd47deac2ea1cd1a5298fa4e6.jpg,0,0,0,0,1,0
35-Left_jpg.rf.61246efea634582b72dce4992ef438e4.jpg,1,0,0,0,0,0
27-Left_jpg.rf.c335dea8a267eb86427ba8c69e25c279.jpg,0,0,1,0,0,0
51-Top-Down_jpg.rf.7944c006bec8b3b35855f3ceaa28573f.jpg,0,1,0,0,0,0
26-Front_jpg.rf.b3cc89826abd63586f2d96c52734b8d4.jpg,0,0,0,1,0,0
5-Front_jpg.rf.243bff55dd9f205de8c2cd768271f3b4.jpg,0,0,0,0,0,1
7-Top-Down_jpg.rf.9a6cb00c8d009672d75960fb1a52d937.jpg,0,0,0,0,0,1
30-Top-Down_jpg.rf.3cf41a1f4ce1f2a28b295393da66ba7b.jpg,0,0,1,0,0,0
1-Right_jpg.rf.035246147cb0e8d4b38ae0edeb5bd4bf.jpg,0,1,0,0,0,0
19-Back_jpg.rf.bc1c9ea6cc58feb76b324fd96348ed71.jpg,1,0,0,0,0,0
2-Top-Down_jpg.rf.2d419d48ca63f6556c6bdde7482fbdc0.jpg,0,0,0,0,1,0
9-Right_jpg.rf.8146bda95b39fdbc85deebbfc4ff64ac.jpg,0,0,0,0,0,1
7-Left_jpg.rf.21d3f4fa14f6a0844958cec332b913de.jpg,0,0,0,1,0,0
37-Right_jpg.rf.b35b130facb1e7561a7d40f2f16b659c.jpg,1,0,0,0,0,0
7-Front_jpg.rf.fbfba66ee5ae66d5bc33cd4135c5b7ec.jpg,0,0,0,1,0,0
39-Left_jpg.rf.17907b73f305b8e7b7ecb87a748b723d.jpg,0,0,1,0,0,0
13-Top-Down_jpg.rf.e717e83e71d31a509098073dc80e3df2.jpg,1,0,0,0,0,0
50-Front_jpg.rf.f41fe907775499a3912d6c898505837e.jpg,0,1,0,0,0,0
57-Back_jpg.rf.905b83095c8c83f5c03b8fa4202e02b7.jpg,0,1,0,0,0,0
20-Front_jpg.rf.6ee9f68f700298e845b24019888a9997.jpg,0,0,0,1,0,0
30-Front_jpg.rf.a1c84b2418c61d09213866194ce1c42c.jpg,0,0,0,0,1,0
28-Right_jpg.rf.8ae17be96833ef4ba2c8877bc9b279f1.jpg,0,0,0,0,1,0
39-Top-Down_jpg.rf.8580fea651f8e233dcfcf33be6ff1fcd.jpg,0,0,1,0,0,0
21-Front_jpg.rf.e980e51375c739a51385a8684a64cda4.jpg,0,0,1,0,0,0
5-Back_jpg.rf.72382fe0367ff5d7b9eea862f3ad3a10.jpg,0,0,0,0,1,0
4-Right_jpg.rf.6d47e753ce6fc2df1dd191f1fa76f2ec.jpg,0,0,0,0,1,0
22-Front_jpg.rf.6cfafc353d00b8009340f11b7a033e74.jpg,0,0,0,1,0,0
8-Right_jpg.rf.5059f029da8dddc4a13d987149883f83.jpg,0,0,0,0,0,1
26-Top-Down_jpg.rf.8388dbbc118c831dea7e190bdaaf2a4c.jpg,0,0,0,1,0,0
27-Back_jpg.rf.7a8f30ba546aae0ed7cdfbdbdae8707f.jpg,0,0,0,0,1,0
26-Front_jpg.rf.66b93b59487f190412c1a2ad5e080b94.jpg,0,0,0,1,0,0
35-Front_jpg.rf.50d710cbb2cc63e2c55f835d564b823a.jpg,1,0,0,0,0,0
1-Front_jpg.rf.2bb2157c85b918c9bb297da2f7e681db.jpg,0,0,0,0,1,0
1-Right_jpg.rf.f3056346002e1aa2bbd11d6a0649b58c.jpg,0,1,0,0,0,0
29-Top-Down_jpg.rf.5f0905ff3e38873c3a62b1dfa4b7f19b.jpg,0,0,0,0,1,0
36-Left_jpg.rf.c6815abd68b7e8a88addd4151b7d0d29.jpg,0,0,1,0,0,0
25-Front_jpg.rf.cd81ab9e66a3678a10544426a5b5d8e0.jpg,0,0,0,0,1,0
54-Front_jpg.rf.86eba9983339a78814309a491d58b2f8.jpg,0,1,0,0,0,0
20-Left_jpg.rf.d80cd402d7994d7b38719633da3e3c49.jpg,0,0,0,0,1,0
36-Top-Down_jpg.rf.d5f1768e6c9662db394acfd83bd51969.jpg,0,0,1,0,0,0
24-Right_jpg.rf.9fbe8b926123c90b92186cd19ae5731d.jpg,0,0,1,0,0,0
28-Top-Down_jpg.rf.4ece1a2f5408da1d9869dc9ab9af57f1.jpg,1,0,0,0,0,0
24-Front_jpg.rf.e3072e11141a2acf90247cbfc1f5e836.jpg,0,0,1,0,0,0
54-Right_jpg.rf.3dbdadb336862d8e7372942d83f34b53.jpg,0,1,0,0,0,0
33-Top-Down_jpg.rf.a1887b1519095808ff97e13a43afe569.jpg,1,0,0,0,0,0
12-Top-Down_jpg.rf.5e2fe56a512e92f880b4981138f60cee.jpg,0,0,0,1,0,0
28-Back_jpg.rf.be917d3703b4f5c17795ed356864e1ce.jpg,1,0,0,0,0,0
34-Left_jpg.rf.b177821c3e8882620bc9ae5698d40f27.jpg,0,1,0,0,0,0
38-Left_jpg.rf.47d6a9698af0410bae47429a2972eaae.jpg,0,0,1,0,0,0
34-Left_jpg.rf.35487b6aa33197efce7fa083c9e8c218.jpg,0,0,1,0,0,0
26-Left_jpg.rf.9a3dfb877338803d56f6c9403ce14f26.jpg,0,0,0,0,1,0
11-Left_jpg.rf.cdedc400acdf08d9437900db6c01871f.jpg,0,0,0,1,0,0
36-Right_jpg.rf.1ece87234669dd09b07e15ca9844fb34.jpg,0,0,1,0,0,0
12-Back_jpg.rf.9c789ab1a677a61f9708a13e52e6bc67.jpg,0,0,0,0,0,1
11-Back_jpg.rf.a697b908645715f446f69e9ed69a63f9.jpg,0,0,0,1,0,0
7-Left_jpg.rf.0b159a3a460876f000f4397fba4749e4.jpg,0,0,0,1,0,0
31-Right_jpg.rf.31d23369b08e9afecb6ba1123f3bfc3e.jpg,1,0,0,0,0,0
14-Right_jpg.rf.ac2d05538ceb5c7abd9d04932f70a379.jpg,0,0,0,0,0,1
7-Back_jpg.rf.5754b50175aa777a3214128ca34b7008.jpg,0,0,1,0,0,0
21-Front_jpg.rf.95e7851614fb0e1f33f18452645f3a30.jpg,0,0,1,0,0,0
13-Right_jpg.rf.a4cc74a7369bfb4e6f226f8de0d016c7.jpg,1,0,0,0,0,0
8-Left_jpg.rf.f7785af61f481e3757d65ed80dc531f4.jpg,0,0,0,1,0,0
38-Top-Down_jpg.rf.1d7a38ffa23e7b34879f93b83d39e7bc.jpg,0,0,1,0,0,0
12-Right_jpg.rf.c9d6679db671994ee01d4c1aadfe5909.jpg,0,0,1,0,0,0
1-Left_jpg.rf.bb8c9b517ec4f651c1f2f935c6fc027c.jpg,0,1,0,0,0,0
3-Front_jpg.rf.02ea3dd0663c62d343c53857053f00c1.jpg,1,0,0,0,0,0
33-Back_jpg.rf.84acb5820d3c84d8db3400a4323547c4.jpg,1,0,0,0,0,0
16-Right_jpg.rf.a8d69a0f167e5be009607fd6e9ad2392.jpg,0,0,0,1,0,0
36-Front_jpg.rf.de304dfe7a3602e1d769f14c02d72be0.jpg,0,0,1,0,0,0
29-Front_jpg.rf.d4b418c51ac4012f029cecdd10743e28.jpg,0,0,0,0,1,0
11-Front_jpg.rf.fa4245ff72725f3c09de698e22b62a8b.jpg,0,0,0,1,0,0
22-Top-Down_jpg.rf.d57b6c87e7eca169c48637c3e71cbc66.jpg,0,0,0,0,1,0
14-Front_jpg.rf.229dcd0a7adaee4954384976e8c9bbfb.jpg,0,0,0,0,0,1
16-Back_jpg.rf.a838feba73aadd7b95af9c450b07233b.jpg,0,0,0,1,0,0
2-Right_jpg.rf.05050e27f1cdaddd1d1fd9ac3fdfb06f.jpg,0,0,0,0,0,1
21-Front_jpg.rf.4a864d74ae7f606d00d8059013b7a382.jpg,0,0,0,1,0,0
29-Back_jpg.rf.f0a98e276a30a6c9a5876f9d6a3a2b3b.jpg,0,0,0,0,1,0
31-Top-Down_jpg.rf.2665c0b7a4a3c07905c858b59d8afee2.jpg,0,0,1,0,0,0
51-Back_jpg.rf.49556dd6008b2e93f8c0237967125f38.jpg,0,1,0,0,0,0
12-Back_jpg.rf.c86b81748531fd72d826b1675013615b.jpg,0,0,1,0,0,0
16-Right_jpg.rf.0ae23db25d8e57f9bb915213c5b72075.jpg,0,0,1,0,0,0
15-Right_jpg.rf.bd8e963be739d5a04034bf51faa32e47.jpg,0,0,0,0,0,1
14-Front_jpg.rf.4bbcf24da1a0ee7424631a29d466c33e.jpg,1,0,0,0,0,0
29-Top-Down_jpg.rf.8ed1045727961f12bfb6012cbab39501.jpg,0,0,1,0,0,0
31-Back_jpg.rf.1fbbcf37133e110a96ea1aa253844bad.jpg,0,1,0,0,0,0
39-Left_jpg.rf.fa881a5514e40e0545faf9e767a02fa6.jpg,0,1,0,0,0,0
6-Right_jpg.rf.29396799ea96de2f2191e718d965572d.jpg,1,0,0,0,0,0
24-Top-Down_jpg.rf.c90b07459e493a038ab3c87852cc4630.jpg,0,0,0,0,1,0
15-Front_jpg.rf.fcae578a323c59d09ccd9a5528beb5f3.jpg,0,0,0,0,0,1
3-Back_jpg.rf.ef5873c825751edc9f7e8d12167f54bc.jpg,1,0,0,0,0,0
15-Back_jpg.rf.76d5fbf95c70b836a73ada34c0f8330d.jpg,0,0,0,0,1,0
14-Right_jpg.rf.06631d1e4fa2241b6cc20fcde71cae42.jpg,1,0,0,0,0,0
6-Front_jpg.rf.311ab69db6cf2bda31b0b32e1631e886.jpg,0,0,0,0,0,1
15-Top-Down_jpg.rf.3b5a5f6cf4bf243f9b30a0118269d567.jpg,0,0,1,0,0,0
20-Back_jpg.rf.759addb342e079e63c80aca63d6e3283.jpg,1,0,0,0,0,0
36-Left_jpg.rf.675abe9ae8e755ae408a90d0495ed72d.jpg,1,0,0,0,0,0
50-Top-Down_jpg.rf.32a197bfd7e34e184bd7b2afce6cd922.jpg,0,1,0,0,0,0
12-Back_jpg.rf.71adcd29301e2908846c74159c372488.jpg,0,1,0,0,0,0
21-Front_jpg.rf.fb2e20dd2b07b0dfd9a2d5a284f409de.jpg,0,0,0,1,0,0
12-Front_jpg.rf.aff90d3bce3c4e4a00613cdaedccf955.jpg,0,0,1,0,0,0
34-Back_jpg.rf.e99a14410e9e93d7ea25ab3a33db499b.jpg,0,1,0,0,0,0
20-Front_jpg.rf.8a9fd7a3b1205f1c07a18528ffff38ea.jpg,0,0,1,0,0,0
15-Right_jpg.rf.b11f7b1b374a6b8c3b73c5c4e0c50ee1.jpg,0,0,0,1,0,0
10-Back_jpg.rf.e66b7b1c9924147e05222a26a8009f10.jpg,0,0,1,0,0,0
36-Right_jpg.rf.91b0a62bca51bc14fdbb6904008c0ebf.jpg,1,0,0,0,0,0
18-Left_jpg.rf.41998a2f1ca033e4f41fa05b6cb7351f.jpg,0,0,0,1,0,0
27-Front_jpg.rf.95b5f82dd3818e2dbee2467063fc5b33.jpg,0,0,0,1,0,0
24-Left_jpg.rf.2f824d8f32437d65ad10402aec27e701.jpg,0,1,0,0,0,0
22-Right_jpg.rf.45bf883ab2c3490503a0fb789afd9962.jpg,1,0,0,0,0,0
5-Front_jpg.rf.5f68df7025818cd3212aef71420227a2.jpg,0,0,0,0,0,1
6-Left_jpg.rf.72e4f6b13c408f6a62cb616752c21b77.jpg,0,0,0,1,0,0
27-Left_jpg.rf.e2ee92b9d8a535aa40a946747eefe312.jpg,0,0,0,1,0,0
13-Front_jpg.rf.c50a7bafcfdcb1d8b9c689a4855e4117.jpg,0,0,0,0,1,0
7-Left_jpg.rf.f9f85855aba3349d5f648aa2acd9ebcf.jpg,0,0,1,0,0,0
33-Front_jpg.rf.4fa4dcdbb98414218cf87582d3ca291b.jpg,0,1,0,0,0,0
12-Front_jpg.rf.27c0e575c1f3bd3e34e7b0de89cddfb4.jpg,0,0,1,0,0,0
13-Left_jpg.rf.4e3bf5c77c8b39119a13fcd41685fc6b.jpg,0,0,0,1,0,0
37-Back_jpg.rf.a8f065c0d1eb8540dee641ba37bd6f8c.jpg,0,0,1,0,0,0
14-Front_jpg.rf.6baa897729664609b226d2e31a9464fb.jpg,0,0,1,0,0,0
2-Top-Down_jpg.rf.e91cb9860fc33f7136e360c1423516f2.jpg,1,0,0,0,0,0
18-Right_jpg.rf.92a9aaf759796c69abb912a833019d02.jpg,0,0,0,1,0,0
38-Right_jpg.rf.a0c8c4805cb9b318ba589204d950df57.jpg,0,1,0,0,0,0
3-Right_jpg.rf.b9814ea9eceaa6c423d11c725c1a32ba.jpg,0,0,0,0,0,1
12-Back_jpg.rf.231317fbd5448ffdf39ca5aa8a99aa71.jpg,0,0,1,0,0,0
16-Front_jpg.rf.473706cf8b3aae40194135b215347b4c.jpg,0,0,1,0,0,0
31-Right_jpg.rf.425102d2eee93a30442d3cd9474d2cac.jpg,0,1,0,0,0,0
28-Front_jpg.rf.3ef92511b1a33011293a704fc5e46145.jpg,0,0,0,0,1,0
25-Left_jpg.rf.8a0137bb02db55c1c813ea3ca6f0b22f.jpg,0,0,0,1,0,0
3-Front_jpg.rf.c0c4a7bc81e251016bbc59cf198bcb1d.jpg,0,0,0,0,0,1
48-Right_jpg.rf.f069ed9bdfd992cff66b93a656d0e461.jpg,0,1,0,0,0,0
3-Front_jpg.rf.963a40077b4559567b3d3144c01ecc5a.jpg,0,0,0,0,0,1
24-Front_jpg.rf.eb1dd4931c7d63481240a62bcb30c57c.jpg,0,0,0,1,0,0
25-Left_jpg.rf.ae049b0e699da10fe52484f1f4f000cd.jpg,0,0,0,0,1,0
9-Top-Down_jpg.rf.9fc89e5e6349cfd4871a97cd74ae8d1b.jpg,0,0,0,0,0,1
34-Front_jpg.rf.764c42afa5764f2e5ebe1a3317ef5a40.jpg,0,0,1,0,0,0
37-Back_jpg.rf.795156a53125439eb89cc06bc539de09.jpg,0,1,0,0,0,0
40-Right_jpg.rf.b2ae3a58b1aa2723ee8a11ad0b1ff453.jpg,0,1,0,0,0,0
4-Back_jpg.rf.c70ef5a7ed976d99835ec477a71eea05.jpg,0,0,0,0,0,1
3-Right_jpg.rf.9eb6ca869ebac2d40ab1a3f379cfa2ae.jpg,1,0,0,0,0,0
24-Front_jpg.rf.47172c33cbf98421fc48aa50dd63ef51.jpg,0,0,0,1,0,0
23-Right_jpg.rf.d717c77c2afcdc56799e3335994fd59f.jpg,0,0,1,0,0,0
36-Front_jpg.rf.2c7cd8064fc245dcfdda9c548fb64781.jpg,1,0,0,0,0,0
12-Left_jpg.rf.eb601f7af9aebe9b81fb0f808643bb51.jpg,0,0,0,1,0,0
31-Front_jpg.rf.b37e860dfe7ad061e93a1c941618ac23.jpg,0,1,0,0,0,0
39-Back_jpg.rf.e605507a79ce2d89fc2f6aef3ffedaa5.jpg,0,1,0,0,0,0
2-Top-Down_jpg.rf.14e4a0b98502d4f5b5d46db473ab6104.jpg,0,0,0,0,1,0
26-Back_jpg.rf.f7f66a6a348d67c7409c48666c0ffa82.jpg,0,0,0,0,1,0
14-Front_jpg.rf.9524a49e6bb42c169d3a1c3423213fa4.jpg,0,0,0,0,1,0
14-Top-Down_jpg.rf.40c768316989542eb31a524d1051cfb1.jpg,1,0,0,0,0,0
30-Top-Down_jpg.rf.f1a889674c6d15e5b07d0827d1490254.jpg,0,0,0,0,1,0
21-Back_jpg.rf.6a440a8a09915c4d3a69f656d310d76a.jpg,0,0,0,0,1,0
27-Front_jpg.rf.06dc3362ba952b2cc189afbc2edda022.jpg,0,0,1,0,0,0
31-Top-Down_jpg.rf.0a639b7facb7b5773b2c009a5abe4fee.jpg,1,0,0,0,0,0
37-Back_jpg.rf.fe13d41f453b8120734e00bdcb6ed112.jpg,0,0,1,0,0,0
19-Right_jpg.rf.420178b714a6274874cf0404ff11ab8c.jpg,0,0,0,0,1,0
35-Back_jpg.rf.37513a5673ad46a6e8f7f8f467b37e0a.jpg,0,0,1,0,0,0
17-Left_jpg.rf.073fdc9cd86ed074e72b44e5dafdf4c7.jpg,0,0,0,0,0,1
27-Top-Down_jpg.rf.89fbb7ff6a9e3e926dd8514e3790a89d.jpg,0,0,0,1,0,0
17-Left_jpg.rf.3dfe6ab9bf7cc510b236e32479e03ed1.jpg,0,1,0,0,0,0
34-Top-Down_jpg.rf.f2571d53ab999bb693a47b9d8e1a36d7.jpg,0,1,0,0,0,0
11-Back_jpg.rf.8d25dd34c83aae2eb4b83f3da6827faa.jpg,0,0,0,0,0,1
14-Front_jpg.rf.0afe10dc827e98043e4395f3087ca7f3.jpg,0,0,0,0,1,0
27-Back_jpg.rf.5dd9bdcae92fb40371a5ec0178f2aa91.jpg,0,0,0,1,0,0
8-Front_jpg.rf.816c7972c162f635526176b16073b3d0.jpg,0,0,0,0,0,1
1-Back_jpg.rf.27145bb778371ad2e7d1bdbd56f8dfe1.jpg,0,0,1,0,0,0
35-Top-Down_jpg.rf.dabfd8fba87fe60fb6105eef2656b964.jpg,1,0,0,0,0,0
3-Front_jpg.rf.351b7f360493473c503ea143b1e57fe7.jpg,0,0,0,0,0,1
13-Front_jpg.rf.4592b568fdf3dfc3bd708b32bdc7f444.jpg,0,0,0,1,0,0
23-Top-Down_jpg.rf.cce5429fa4e4b0a1183b1164eac5ef9b.jpg,0,0,1,0,0,0
6-Top-Down_jpg.rf.2dd5922a6b23c43bd0930365ee67f6b7.jpg,1,0,0,0,0,0
13-Back_jpg.rf.0b44cc112ba01c982a7c9130c699aff8.jpg,0,0,0,1,0,0
5-Top-Down_jpg.rf.fa1a7720111fcf4685a4f407481cac68.jpg,0,0,0,0,1,0
12-Top-Down_jpg.rf.4c2fa7d547865bbec23228ab46bef325.jpg,0,0,1,0,0,0
16-Right_jpg.rf.75216025e44782a52180a9f34455ecdd.jpg,0,0,1,0,0,0
51-Right_jpg.rf.6bcc9d2ee42f48f940b71e7d82ca2340.jpg,0,1,0,0,0,0
3-Left_jpg.rf.8dbc0a7b5dcee33c01236d07d097b825.jpg,0,0,1,0,0,0
36-Front_jpg.rf.0786b94e8c89a09480206e1ba7be66c1.jpg,0,1,0,0,0,0
17-Left_jpg.rf.d4b35dee0b507ff071cf9cafe14f50f0.jpg,1,0,0,0,0,0
26-Top-Down_jpg.rf.0a88bf6d67f670caa79d28600eac9970.jpg,0,0,0,1,0,0
2-Top-Down_jpg.rf.99e6559fc76f235621d6eec94464cecc.jpg,0,0,0,1,0,0
35-Back_jpg.rf.8257881c70d5feddb96024ef876e0855.jpg,1,0,0,0,0,0
12-Top-Down_jpg.rf.8bc573ba012612123fd50226702d2057.jpg,0,1,0,0,0,0
18-Left_jpg.rf.4466fd6cee95a34e6beb28d75219fa1e.jpg,0,0,0,1,0,0
28-Right_jpg.rf.8524eb37a5d8b571dcc1ef03b236f5a2.jpg,0,0,0,0,1,0
8-Back_jpg.rf.73fff76ecc4740f1422f9142f7d0aa06.jpg,0,0,0,1,0,0
36-Front_jpg.rf.3c403903465dc895b9e45389880cb83d.jpg,0,1,0,0,0,0
13-Back_jpg.rf.530db31fb78d81cc3ca72883aed3988f.jpg,1,0,0,0,0,0
20-Top-Down_jpg.rf.d7589f6e20ebd2ba51267893afe7487f.jpg,0,0,0,0,1,0
20-Back_jpg.rf.718a2e51dfb3819716ee71c951634aa2.jpg,1,0,0,0,0,0
23-Left_jpg.rf.c5f9a9b7ccc4e5f322fcdffcb8485190.jpg,1,0,0,0,0,0
20-Front_jpg.rf.0da190695a324abf44da2ed429ec7792.jpg,0,0,0,1,0,0
1-Front_jpg.rf.c13b737a73a36e3701323f502e22476a.jpg,1,0,0,0,0,0
15-Back_jpg.rf.b559ceaf5240cb7dda41382684ff1bb5.jpg,0,0,1,0,0,0
7-Back_jpg.rf.33e9497fdb0d11f30fcbc7e5c46aaf8e.jpg,0,0,0,0,0,1
39-Right_jpg.rf.cc7359bc7ecac49572a89c779de7c25b.jpg,0,1,0,0,0,0
16-Back_jpg.rf.395b9b3a339c391890f0b36e6929fe28.jpg,0,0,0,0,1,0
50-Top-Down_jpg.rf.9d8742446a412be291e1e7b837e6f1d0.jpg,0,1,0,0,0,0
14-Right_jpg.rf.b6c108761ffe558819b6b6ab317522ef.jpg,0,0,0,1,0,0
31-Back_jpg.rf.9c8e3cde989fe42f6bf1de7dad4d82b4.jpg,0,1,0,0,0,0
20-Left_jpg.rf.029b537b89b5eb2f5b80dca4ee494246.jpg,0,0,1,0,0,0
3-Right_jpg.rf.6d01ecdca84e3ea42e5d0a108e1cdf15.jpg,0,0,1,0,0,0
5-Left_jpg.rf.07537a4dcdd624b26187bc689e012c54.jpg,0,0,0,0,0,1
27-Left_jpg.rf.4014949a342586211ad623c1d8a7a3ea.jpg,0,0,0,0,1,0
17-Back_jpg.rf.ca6114744c16a49c005f1300666038ec.jpg,0,0,0,1,0,0
38-Left_jpg.rf.1d2f7d7022032bbdf44e9022ea17438a.jpg,0,0,1,0,0,0
27-Right_jpg.rf.c641b3bca28a27541060121cc682a198.jpg,1,0,0,0,0,0
27-Front_jpg.rf.5d7bbe09ed963c7abbd8ed9dd59ac75f.jpg,0,0,0,1,0,0
33-Top-Down_jpg.rf.b8197dabac8b02ee9140a41729db16cc.jpg,0,1,0,0,0,0
3-Left_jpg.rf.659643c72dc90f56d1c30cc282ffc18c.jpg,0,0,1,0,0,0
31-Right_jpg.rf.c3a06323860450fc880e686f4a03039f.jpg,0,0,1,0,0,0
29-Top-Down_jpg.rf.be014aada36b75c51c022c1a97c21f81.jpg,0,1,0,0,0,0
4-Front_jpg.rf.8843a0cb43babd65e3c8a3d5bd63a840.jpg,0,1,0,0,0,0
9-Left_jpg.rf.38c4d751178102aa1d222f228cdc90aa.jpg,0,0,0,0,0,1
5-Front_jpg.rf.1f478f023a3c49d072248cd088efce5e.jpg,0,0,0,0,1,0
14-Top-Down_jpg.rf.34f87351566b5dc8b3e42b56663d68f1.jpg,0,0,0,0,0,1
11-Right_jpg.rf.0bc760f11310dd6860d241e15f82629e.jpg,0,0,0,1,0,0
14-Back_jpg.rf.fb50bfa872f8274f9828f57ebb80b20e.jpg,0,1,0,0,0,0
24-Top-Down_jpg.rf.329d12d479941f50805fadff56f8eb61.jpg,0,0,1,0,0,0
20-Right_jpg.rf.dd3c61cdd3c01993e7e4873dc082d382.jpg,1,0,0,0,0,0
11-Back_jpg.rf.21c2996306b473c7d79a04753fea31e1.jpg,0,0,0,0,1,0
18-Left_jpg.rf.e2c45cad021e6c87d5d207a20a08d82e.jpg,1,0,0,0,0,0
38-Left_jpg.rf.88d6a8ef95f05a56db222048faf7e08b.jpg,0,1,0,0,0,0
30-Front_jpg.rf.c8c52e4d6881902ae9d14b119153cd2a.jpg,0,0,0,0,1,0
1-Right_jpg.rf.ce6db9ac136efd4963bbf90a2bcb2e91.jpg,1,0,0,0,0,0
16-Front_jpg.rf.96d48a639850ca7b485f85dcdae61d42.jpg,0,0,0,0,1,0
26-Top-Down_jpg.rf.cfaad7b555197859f36cd8731bc70628.jpg,0,0,0,1,0,0
16-Right_jpg.rf.3424376f200f7db52714ea14a95ec5ec.jpg,0,0,0,1,0,0
9-Back_jpg.rf.9a37468fd423e819a96ecc64adaa4e33.jpg,0,0,0,0,0,1
15-Back_jpg.rf.b58a2a133388ecf0ff489fe667857c05.jpg,0,0,1,0,0,0
55-Front_jpg.rf.f5d3ef260814ef64c55c4c8cbb40cdf6.jpg,0,1,0,0,0,0
39-Front_jpg.rf.33f66216e31b4bb95aad5a5399f88d33.jpg,0,0,1,0,0,0
30-Top-Down_jpg.rf.c01c7674ad7f37b822280b3dccd6e2d7.jpg,0,0,0,0,1,0
23-Back_jpg.rf.c98f835c6b098efa9815f07d64fc3a0f.jpg,0,0,0,0,1,0
4-Top-Down_jpg.rf.c54cb774ce29cc9b4c153bded01022a6.jpg,0,0,0,0,1,0
6-Back_jpg.rf.3878e9ad780b238b29f601ad3fc12918.jpg,1,0,0,0,0,0
34-Right_jpg.rf.220252b3fe58e2dfe195923e8530af0d.jpg,0,0,1,0,0,0
7-Left_jpg.rf.57fdc53fb2becfa765ab4e047ea6d46f.jpg,0,0,0,1,0,0
37-Right_jpg.rf.221b500a47ccfd11627fadbb91f5e75a.jpg,1,0,0,0,0,0
13-Back_jpg.rf.becb1c731af6a33d2546d1f0ad9cd249.jpg,0,0,0,0,0,1
1-Right_jpg.rf.46307dc293c1bb1a3db4205ec7b5bd3b.jpg,0,0,0,0,0,1
23-Left_jpg.rf.ec419848162155a7bdded557f934e521.jpg,0,0,0,1,0,0
31-Back_jpg.rf.205e096fabdce7f7fd5b0605d898df7b.jpg,0,0,1,0,0,0
1-Left_jpg.rf.226ad78415a22ec6817a187a5ee20d3f.jpg,0,0,0,1,0,0
29-Back_jpg.rf.89c922087c1e67fdb6edb0182d96f25d.jpg,0,0,1,0,0,0
2-Back_jpg.rf.3331c8ee5881368a512604b3c1d1cc90.jpg,0,0,0,1,0,0
33-Front_jpg.rf.26bd746651a6741abb6f6e0ede8d34db.jpg,1,0,0,0,0,0
27-Right_jpg.rf.06a365b2634dacb193efd09e6a175e22.jpg,0,0,1,0,0,0
16-Right_jpg.rf.6dee02bbbdb8930410ec17a5f1807db3.jpg,0,0,1,0,0,0
27-Top-Down_jpg.rf.1d69db8ff4f60427b795b846c0665a2e.jpg,0,0,1,0,0,0
32-Back_jpg.rf.f59831c191d5c6cd241f3ea15d604747.jpg,1,0,0,0,0,0
16-Back_jpg.rf.4adfcf9195bcc9a8a3af052ddb63999a.jpg,0,0,1,0,0,0
16-Back_jpg.rf.5876733e210b0b0a098a731342f283b7.jpg,0,0,1,0,0,0
27-Back_jpg.rf.166574b8e42934bccc0ad49c0a1fa027.jpg,1,0,0,0,0,0
12-Right_jpg.rf.a3ee4a5218975e1a5639f14c751af748.jpg,0,0,0,0,0,1
31-Top-Down_jpg.rf.c7bc2c109cecf98bff7c3bf2e4dce205.jpg,0,0,1,0,0,0
30-Left_jpg.rf.23057dbebebb519b2538d385ee5f11f3.jpg,0,0,0,0,1,0
37-Right_jpg.rf.284f7fa614db421087616d055919695a.jpg,1,0,0,0,0,0
24-Front_jpg.rf.6bb8476b2d953b15da01b1903a9666c4.jpg,0,0,1,0,0,0
10-Right_jpg.rf.a001d99795278378d2b2c0c1ced96350.jpg,0,0,1,0,0,0
20-Back_jpg.rf.9b8d7563d6adbb5209ced167ef9bffc4.jpg,0,0,0,1,0,0
11-Left_jpg.rf.75940bf84c98704f0ff450243aca40ea.jpg,0,0,0,0,1,0
12-Right_jpg.rf.c7f6da7e09efbfb6454fd574eb8a999e.jpg,0,0,1,0,0,0
8-Left_jpg.rf.87f80c877a7c0176300697f4ed016351.jpg,0,0,0,0,0,1
14-Back_jpg.rf.503fd4a0d93c483776c7fb72db01a76f.jpg,0,1,0,0,0,0
25-Left_jpg.rf.9befd5da70b5fea010d298839d782f57.jpg,0,0,0,1,0,0
35-Left_jpg.rf.d9ab065bce304506ac12c9dae2ad79d3.jpg,1,0,0,0,0,0
1-Front_jpg.rf.26b685701530e188f6833ce6a90291c1.jpg,1,0,0,0,0,0
34-Back_jpg.rf.383a7f92b717a13249c7c360e448ccb0.jpg,0,0,1,0,0,0
30-Top-Down_jpg.rf.03f87e6ad21ae7dd6492b6ccf27099e6.jpg,1,0,0,0,0,0
12-Back_jpg.rf.a63b18c77f00006b1399685dc0746589.jpg,0,0,0,0,0,1
37-Back_jpg.rf.18236dcce5a8bbd263fc2beb05b8ba5e.jpg,1,0,0,0,0,0
3-Back_jpg.rf.d8baa528122f5c3dc9f4f203f755634e.jpg,0,0,0,0,0,1
16-Front_jpg.rf.beb8f1eb21e56fe38c179b4f62deb443.jpg,0,0,1,0,0,0
39-Right_jpg.rf.9e3d6573383fa959595f1bc9554a5402.jpg,0,0,1,0,0,0
6-Back_jpg.rf.e64c1daace0c044030dfdbbe4e91d023.jpg,0,0,0,0,0,1
23-Right_jpg.rf.afc80f650acdbec88455583e0ebf14de.jpg,0,1,0,0,0,0
29-Left_jpg.rf.8f3d12809a8662891b1a02d4578c5cb0.jpg,0,0,0,0,1,0
2-Back_jpg.rf.d361c72dade1f6db3431b40d90070596.jpg,0,0,0,0,1,0
38-Back_jpg.rf.5dd2c592655daff28e3d62a37d8ccefd.jpg,0,0,1,0,0,0
4-Front_jpg.rf.7cba64e48d9fdf0c3e3f25cfd5c05db2.jpg,0,1,0,0,0,0
5-Top-Down_jpg.rf.4ee31e94d3537d549f8955040170c053.jpg,0,0,0,0,1,0
29-Right_jpg.rf.a2844f7b60d1a1e298770cf5a1a656ce.jpg,0,1,0,0,0,0
27-Back_jpg.rf.964ba029fc64babfc0b234507e26450e.jpg,0,0,1,0,0,0
16-Left_jpg.rf.8ee1033ad3adfbcdeb705ff89772301f.jpg,0,0,0,1,0,0
23-Back_jpg.rf.633704d91611f73487368c98c8a41fc3.jpg,0,0,0,1,0,0
6-Front_jpg.rf.a5ea8c2939cdb5df3c940103b79599f1.jpg,0,0,0,0,0,1
26-Right_jpg.rf.10abc671ddc839b65d6190ce4d2b87eb.jpg,0,0,0,0,1,0
27-Back_jpg.rf.46c8d07531cea4f21811db419626a482.jpg,0,0,0,0,1,0
50-Left_jpg.rf.3fdcd0290a387a46ad871c950613ebe3.jpg,0,1,0,0,0,0
22-Right_jpg.rf.5013ae2bf3fe1a847e5974c9eb3e2083.jpg,0,0,0,0,1,0
28-Front_jpg.rf.2e11fa4cf18dbb64bd7234d99389af17.jpg,1,0,0,0,0,0
8-Front_jpg.rf.be228c71271c3f719bbb151fb732c115.jpg,0,0,0,1,0,0
11-Back_jpg.rf.ee9e1fc86757694f37d69051144c9dd6.jpg,0,0,0,0,0,1
16-Right_jpg.rf.4d4c979a69d25137ecd30ca3c7970309.jpg,0,0,0,0,1,0
16-Left_jpg.rf.30424e998c591e7c7b34762aee8e999f.jpg,0,0,1,0,0,0
3-Right_jpg.rf.bc7a2d50bc23a2beea6806885d413650.jpg,1,0,0,0,0,0
35-Right_jpg.rf.ae12a447364f09d8e755cf096c4eabdf.jpg,0,0,1,0,0,0
16-Left_jpg.rf.009b25075f8a71bbebf3aafe0db919dc.jpg,0,0,1,0,0,0
15-Left_jpg.rf.71aa2b0ec079e8ffe56c524a02c84446.jpg,0,0,0,0,1,0
37-Left_jpg.rf.69d7a7d8c56798573347f48b8b44a0a3.jpg,0,0,1,0,0,0
15-Right_jpg.rf.3cede0b2ae69f8518fa6fb3edb66306a.jpg,0,0,0,0,1,0
13-Back_jpg.rf.629ee9ed28c235d3c8ba16e9f5823347.jpg,0,0,0,0,0,1
12-Left_jpg.rf.af206abbf3db39e2952af1060d8b0c62.jpg,0,1,0,0,0,0
2-Back_jpg.rf.ed78fdc5ec334e9f25abc250d0771f24.jpg,0,0,0,1,0,0
17-Top-Down_jpg.rf.e15a7abb45a46710fd45270e7c60ce0e.jpg,0,0,0,1,0,0
55-Left_jpg.rf.0e2f86ace456873ba2230c1db0a2ce0b.jpg,0,1,0,0,0,0
51-Right_jpg.rf.68261088cb11fba7427e66e489949acb.jpg,0,1,0,0,0,0
23-Top-Down_jpg.rf.c245c42c5e35ed11d08639bd21f1b268.jpg,0,0,0,1,0,0
20-Left_jpg.rf.b3abf526850eb8e333274ee7ec3ca00e.jpg,0,0,0,0,1,0
23-Right_jpg.rf.ed0ba083264edae7eb5f147b52671ab6.jpg,1,0,0,0,0,0
23-Right_jpg.rf.ff66300c79e2809fa836d4cf5227b048.jpg,0,0,1,0,0,0
18-Right_jpg.rf.23fa9c9391c6a7682a8b2a6230467332.jpg,0,0,0,0,1,0
27-Left_jpg.rf.57785add063e9cb8e4d677feaa8bce83.jpg,1,0,0,0,0,0
24-Top-Down_jpg.rf.39795d99740dae3d19ad20b35a7eaba1.jpg,0,0,1,0,0,0
34-Right_jpg.rf.650578d85a9c3c75b3766b998e022e9f.jpg,0,1,0,0,0,0
27-Right_jpg.rf.b71d62934222819fe70b7491ebbd2fa9.jpg,1,0,0,0,0,0
16-Left_jpg.rf.3105533d720c449fbeba39b23585f942.jpg,0,0,0,1,0,0
37-Front_jpg.rf.887f3110a1f5a0c48a981dcb2e06fb76.jpg,1,0,0,0,0,0
38-Left_jpg.rf.1bce7418c61ebbc4ae5ceb7204f9e23a.jpg,0,1,0,0,0,0
14-Right_jpg.rf.ecf0ad2916044adcb750b1f9c7501bc6.jpg,0,1,0,0,0,0
4-Right_jpg.rf.d80756d6304d4150df894c5e320272b3.jpg,0,0,0,0,0,1
33-Back_jpg.rf.ff19e89663c1990eb871e9cfbd882df8.jpg,0,1,0,0,0,0
37-Top-Down_jpg.rf.74e27196888aa4ef1762652eb1f0a7b5.jpg,1,0,0,0,0,0
18-Top-Down_jpg.rf.f9ba4fcf9564a98a286f640710e2efeb.jpg,0,0,1,0,0,0
24-Top-Down_jpg.rf.3d7c721cddebb903c8e33c259c6d6198.jpg,0,0,0,1,0,0
8-Right_jpg.rf.d9da09f2b1d4d654b3417e02f00f724d.jpg,0,0,0,0,0,1
51-Right_jpg.rf.5071be5d12004c01f5610d03d89ad618.jpg,0,1,0,0,0,0
3-Front_jpg.rf.c2553541c20fca935358c4b5d3e34763.jpg,1,0,0,0,0,0
55-Back_jpg.rf.d9d8c2d05c502100062a22d6b06b67ac.jpg,0,1,0,0,0,0
29-Front_jpg.rf.f2ed675c82fc1259d3889f29bf8a575e.jpg,0,1,0,0,0,0
38-Right_jpg.rf.cc610d68491c3c8606a18d3d2cce2b69.jpg,0,0,1,0,0,0
37-Right_jpg.rf.0623e34dea41eb1e3e9aad95a5a90b7c.jpg,0,1,0,0,0,0
21-Front_jpg.rf.b15bf8b8fecc78f115f3e6565cc8f372.jpg,0,0,0,0,1,0
8-Front_jpg.rf.78ec01d89ffd50d2e2dfc4d9d9ce4454.jpg,0,0,0,0,0,1
12-Right_jpg.rf.946ced0f10647d3740ee861e24022264.jpg,0,0,0,1,0,0
24-Left_jpg.rf.07d0a1561fda3e2a2c4eb57f034464d1.jpg,0,0,1,0,0,0
6-Back_jpg.rf.d038c40110189ce20d2f30208b78d830.jpg,1,0,0,0,0,0
30-Right_jpg.rf.40e88f5545cf0b4c2ddc0d4ad9721ac9.jpg,1,0,0,0,0,0
21-Top-Down_jpg.rf.c13419884e563faa9e504ca40660f915.jpg,0,0,1,0,0,0
6-Front_jpg.rf.1270315caecff63edc409f01f9e23545.jpg,0,1,0,0,0,0
31-Left_jpg.rf.e23c9ccf78df5bb00183cef140bd3026.jpg,0,0,1,0,0,0
37-Back_jpg.rf.55205693e81860155bb74d787952a79d.jpg,0,1,0,0,0,0
31-Top-Down_jpg.rf.d96b1e1af45fc1b0d1bd6cda21591f5d.jpg,0,1,0,0,0,0
22-Front_jpg.rf.45040b242b3fa9bae2cd83b9660dcb5e.jpg,0,0,0,1,0,0
3-Top-Down_jpg.rf.f02e0d57059a98523f48312a04e94459.jpg,0,0,0,0,0,1
14-Back_jpg.rf.bf6ec27b4c6b8b91508e7f38a862a228.jpg,1,0,0,0,0,0
4-Left_jpg.rf.2b1540413d19ca636cf082f527a66892.jpg,0,0,0,0,0,1
21-Left_jpg.rf.15abc7ca9c42b29c01e963436914831d.jpg,0,0,1,0,0,0
23-Top-Down_jpg.rf.1e1a7fe099814c65d4208fec1d9e1244.jpg,0,1,0,0,0,0
14-Top-Down_jpg.rf.2e1323b7ab02092eee7fd5d0ef64f2a5.jpg,0,0,0,0,1,0
21-Right_jpg.rf.555dd22b5a8d491e7e52fce7176ff43a.jpg,0,0,0,1,0,0
18-Front_jpg.rf.3838c669eeac63c9b12e76cdb11f6cc3.jpg,0,0,0,0,1,0
23-Top-Down_jpg.rf.ce465f0c445abcd0bb098639de3c8be1.jpg,0,0,1,0,0,0
9-Left_jpg.rf.2e3f3bec95b8d799f6491be62211b87e.jpg,1,0,0,0,0,0
6-Front_jpg.rf.73009883402220e697a3a1460cd4dae0.jpg,0,1,0,0,0,0
37-Left_jpg.rf.06ddc61db769c4c90b08296a77500c96.jpg,0,0,1,0,0,0
2-Right_jpg.rf.6ce0f4c835ea44459e94ef27dbfb67c6.jpg,0,1,0,0,0,0
27-Back_jpg.rf.a832221a2b3be580c48d808e14c1d7b0.jpg,0,0,1,0,0,0
3-Right_jpg.rf.f9ed11679dccda425a48ff247199f918.jpg,0,0,0,0,0,1
20-Front_jpg.rf.4d63d1af024808327003342c4f1c8d7f.jpg,0,0,0,1,0,0
11-Back_jpg.rf.706e6c2ea7888ef6f7062675ab47db95.jpg,0,0,0,1,0,0
29-Top-Down_jpg.rf.2db251d7e3a6e5f3aa033a54705fb825.jpg,0,0,1,0,0,0
30-Right_jpg.rf.a0a0bfcaa145d0e6e867fd640357e81e.jpg,0,0,1,0,0,0
48-Front_jpg.rf.4c684faf8f58a4b32333cd64fb33745a.jpg,0,1,0,0,0,0
23-Front_jpg.rf.8fc70587a0b731a859bfe4cdd1178442.jpg,0,0,0,1,0,0
15-Right_jpg.rf.f3a1d4169892377d3d6efdf33883c8a8.jpg,0,0,0,0,1,0
16-Back_jpg.rf.452414168dca5d0833d9bd60065a766e.jpg,0,0,0,0,0,1
30-Back_jpg.rf.4d17191c99228e40e03c88f49037c575.jpg,1,0,0,0,0,0
27-Right_jpg.rf.c4507f557a5bedd2a0bcf5569cf00842.jpg,0,0,0,0,1,0
33-Left_jpg.rf.74b5b0e089688cd5c196551f23e03bfd.jpg,0,1,0,0,0,0
12-Back_jpg.rf.674df7cd3307a555d9dbd400dea9ba14.jpg,0,0,0,0,0,1
18-Right_jpg.rf.6da7c36c9f350557692c33f7f738bd4b.jpg,1,0,0,0,0,0
27-Front_jpg.rf.92b2236d7eb04d670136ea61b3866e09.jpg,0,0,0,0,1,0
30-Left_jpg.rf.616ea4117c4430520026bf8006805d71.jpg,0,0,1,0,0,0
3-Back_jpg.rf.a41ab02754f5e7a5f76a92b116889c6f.jpg,0,0,0,0,0,1
2-Right_jpg.rf.44f92e31617f524c977aeb5dc8cea3f5.jpg,0,0,0,0,0,1
30-Back_jpg.rf.892ac55eef9b4a69822a3c0d82cf1bd4.jpg,1,0,0,0,0,0
19-Front_jpg.rf.79fc2b271bed7a72753fc87633418427.jpg,0,0,0,0,1,0
13-Left_jpg.rf.c49d1f42311bb76f181946e2cf3edefa.jpg,0,0,0,1,0,0
12-Left_jpg.rf.8fdde1533202023040aeab7f7f82a986.jpg,0,0,1,0,0,0
20-Left_jpg.rf.d1dc68029a0030715b0e8ce5a66c2c03.jpg,0,0,1,0,0,0
27-Front_jpg.rf.e9779a305bd5f8697e98aa18d4f1a636.jpg,0,0,1,0,0,0
21-Left_jpg.rf.214da6534d19cb05930a5b2625662fa0.jpg,0,0,0,1,0,0
17-Top-Down_jpg.rf.79a0d06f854e29a613a918bff9ef50c9.jpg,1,0,0,0,0,0
22-Back_jpg.rf.262253402fe83e55abf59a6207023606.jpg,0,0,0,0,1,0
7-Left_jpg.rf.c5391394bab5dcb12ea18ec17350f931.jpg,0,0,1,0,0,0
14-Front_jpg.rf.19a5132db814676a2fed2fe5c4434d56.jpg,1,0,0,0,0,0
31Front_jpg.rf.2bd88b0a97de27a414ea3ba902325e2e.jpg,1,0,0,0,0,0
37-Top-Down_jpg.rf.c23a41e43bc67184d659dac3b1afdd08.jpg,0,0,1,0,0,0
55-Back_jpg.rf.f08587e0bc27efca1b28975782d59df6.jpg,0,1,0,0,0,0
26-Left_jpg.rf.3d1270089e27559ff7c8d44b1c3cbe31.jpg,0,0,0,0,1,0
20-Top-Down_jpg.rf.b36a3b5f49b37b8e9d254626b0cbee68.jpg,0,0,0,0,1,0
29-Front_jpg.rf.a4f09fecf9ac64435dfcad882e395a05.jpg,0,0,0,0,1,0
9-Left_jpg.rf.8546da53ea7db9d5a0a86a6d1d6b5229.jpg,1,0,0,0,0,0
16-Right_jpg.rf.417fee7aec7e4fe48296f3606782f3b3.jpg,0,0,0,0,1,0
18-Front_jpg.rf.861c7df378b5c119f871e86b269f1145.jpg,0,0,0,0,1,0
2-Front_jpg.rf.c2e918f9e450da97a735073730e29eee.jpg,0,0,0,1,0,0
7-Front_jpg.rf.e75f3b9d3ddef1977e21ff1672e1121f.jpg,0,0,1,0,0,0
3-Left_jpg.rf.bd1f1abee5a9a27300d81e336129b42c.jpg,0,0,0,0,0,1
22-Left_jpg.rf.7d06cd4526c89c83c026776b8771a574.jpg,1,0,0,0,0,0
8-Top-Down_jpg.rf.b68c610e6495529131e01db2d47301fe.jpg,0,0,0,0,0,1
23-Front_jpg.rf.171dc987ffb98316aaa9aae54a17b3d6.jpg,0,0,0,1,0,0
22-Left_jpg.rf.497a0bff409fcd410a1d56fb30762f94.jpg,1,0,0,0,0,0
40-Right_jpg.rf.0376e7a4d79027adc6fc9cc86ced63d8.jpg,0,1,0,0,0,0
8-Front_jpg.rf.a4d711997b31876db8a9c1df2a8aa295.jpg,0,0,0,1,0,0
28-Front_jpg.rf.e90c9bc7cc0d67d1b3af39ee7568a847.jpg,1,0,0,0,0,0
11-Left_jpg.rf.bdc9044944f6b9ae936b7feadea2c98c.jpg,0,0,1,0,0,0
9-Front_jpg.rf.7d4c5fb09c73fe630406aba6eca30ed7.jpg,0,0,0,0,0,1
14-Left_jpg.rf.99a02aa053fca7d59140ddbe674d17a5.jpg,0,1,0,0,0,0
51-Left_jpg.rf.f1aede19bf60b22af7772cee5dad7d31.jpg,0,1,0,0,0,0
14-Front_jpg.rf.d68df07671a7a50e20806b22c766ff94.jpg,0,0,0,0,1,0
22-Top-Down_jpg.rf.bdf9076a1ccdba4a5c95d824a38b2b5b.jpg,0,0,0,0,1,0
18-Top-Down_jpg.rf.50f7b293b63f56bc10bb43220093bde5.jpg,0,0,0,1,0,0
35-Back_jpg.rf.eed6b3394de0baced980f99af103a30e.jpg,0,0,1,0,0,0
1-Front_jpg.rf.319edf81681c765d55689cd8501a8d5d.jpg,0,0,1,0,0,0
4-Left_jpg.rf.c82cd2246c2e4d3c11906d57c4681d68.jpg,0,0,0,0,1,0
10-Left_jpg.rf.29707c5876e0484db0af1de570034f9c.jpg,0,0,1,0,0,0
29-Back_jpg.rf.682ef9a20065b64017d29f8a9b202934.jpg,0,0,1,0,0,0
1-Back_jpg.rf.c0652d5a27ccc542d01b98876cd2c7cb.jpg,0,0,0,0,0,1
8-Back_jpg.rf.4c3893bcff80f3975688065b3c9f29b7.jpg,0,0,0,0,0,1
30-Top-Down_jpg.rf.33d9e5b02708cb295f5bc6f52d6c6898.jpg,1,0,0,0,0,0
31-Right_jpg.rf.0e9847705e903a9771d991363c803af0.jpg,0,0,1,0,0,0
20-Back_jpg.rf.d8aed9eddd69f6b05468bd0b3a962302.jpg,0,0,1,0,0,0
54-Front_jpg.rf.69bc7b8d688f958408e0a7567d78ab1c.jpg,0,1,0,0,0,0
37-Right_jpg.rf.b1ffa5564575cb77e5d048ac2ac4d7af.jpg,0,1,0,0,0,0
1-Front_jpg.rf.6da2c86636958bc1a482dc3801c52230.jpg,0,0,0,0,0,1
19-Right_jpg.rf.c20be4fc56d5aa22e6ec0b568454f5bb.jpg,1,0,0,0,0,0
18-Top-Down_jpg.rf.7639790337e48ad966ec97750297f563.jpg,0,0,0,1,0,0
21-Back_jpg.rf.60e41ec469df2c67e756bf4d7503b0bc.jpg,0,0,1,0,0,0
17-Left_jpg.rf.937dbeb66a8e26f0565e2debf48d97dd.jpg,0,0,0,0,0,1
6-Front_jpg.rf.fcb1f397c443cbb4cb469821025d9cd5.jpg,0,0,0,1,0,0
31Left_jpg.rf.001359ad9ecf88d9c68777287ff3297c.jpg,1,0,0,0,0,0
35-Left_jpg.rf.78c1f95ffd4205afd92b10834a2d34d7.jpg,0,0,1,0,0,0
21-Back_jpg.rf.ec78e1ad9ef2f3098f698aa74bdfa62d.jpg,0,0,0,0,1,0
20-Left_jpg.rf.819b330d5f396892c4c6ac8966901208.jpg,0,0,0,1,0,0
23-Back_jpg.rf.15c20c5128e0714807975124ee3c7625.jpg,0,0,0,1,0,0
2-Front_jpg.rf.5f24bed9275b70b3f99448636ae80ed5.jpg,0,0,0,1,0,0
17-Back_jpg.rf.234471fb94507b40971b09e9ccd6755f.jpg,1,0,0,0,0,0
11-Right_jpg.rf.4520dbaf19b967d38de42427b1d0c8a2.jpg,0,0,0,0,0,1
6-Right_jpg.rf.ba12714d9ebc3434b9a59bfd61c93a09.jpg,0,0,0,0,0,1
14-Front_jpg.rf.f26abaacbb1d6018d1ac1ed17e065b87.jpg,0,0,1,0,0,0
17-Top-Down_jpg.rf.afecaea267652ca357eb5679fd84d8e6.jpg,1,0,0,0,0,0
19-Left_jpg.rf.dc2eb810a8997abbc9bcade4c64da79e.jpg,0,0,0,0,1,0
39-Front_jpg.rf.f9ea37484c695a4aaaeb47e19720ac91.jpg,0,0,1,0,0,0
2-Top-Down_jpg.rf.38b1a7745a6ab4976394594e1d3a60db.jpg,0,0,0,0,0,1
32Left_jpg.rf.8084e46889bd8ffbf971c5450e8a8f1a.jpg,1,0,0,0,0,0
14-Front_jpg.rf.6ab361c3c24dd5d2847587d37a270055.jpg,1,0,0,0,0,0
27-Front_jpg.rf.2ad8ffb4f25ec7b98a34968bfceb533a.jpg,1,0,0,0,0,0
20-Back_jpg.rf.1b11bf41bf7c62019cd5185dbf74cc67.jpg,1,0,0,0,0,0
7-Top-Down_jpg.rf.869ef049ded7af9f08be44a837c9318a.jpg,0,0,0,0,0,1
29-Top-Down_jpg.rf.e8a581bca65e54dfb4f4d73991a14713.jpg,0,0,0,0,1,0
2-Back_jpg.rf.49a7e0a1387e1943fa19e32cd62a124a.jpg,1,0,0,0,0,0
9-Right_jpg.rf.4c073e46d6e835c5a15c4e832aca5243.jpg,1,0,0,0,0,0
17-Left_jpg.rf.96f3bceddf281ad9371d95ce87e88948.jpg,0,1,0,0,0,0
11-Right_jpg.rf.27a27409948addbd7726b765492e8f08.jpg,0,0,0,0,0,1
50-Back_jpg.rf.261010c61f97dccc94da984f22539c13.jpg,0,1,0,0,0,0
27-Right_jpg.rf.97a8ecc801f5b15d38086a6949db209b.jpg,0,0,0,0,1,0
50-Back_jpg.rf.4ad0e253baf2d670474b6368ef34db76.jpg,0,1,0,0,0,0
15-Back_jpg.rf.f8fdf3e1f67df4697384f4a1973c80d8.jpg,0,0,1,0,0,0
2-Right_jpg.rf.758bb10e34285a199b0e6f2d0da1038b.jpg,1,0,0,0,0,0
6-Top-Down_jpg.rf.b27f3d9221fe72ca8503f578f8cf1802.jpg,1,0,0,0,0,0
17-Front_jpg.rf.849f8050819b25319089b28699214cd4.jpg,0,0,0,0,0,1
31Front_jpg.rf.bd06a9afc25bc4624a106c107661221c.jpg,1,0,0,0,0,0
50-Left_jpg.rf.0c343cb5f4367db4f6b6a022e42a8387.jpg,0,1,0,0,0,0
19-Back_jpg.rf.b5070a22b18972d4eeed59050125efba.jpg,0,0,0,0,1,0
29-Back_jpg.rf.a692c2ce3d9e33ddc66f40d5769dd150.jpg,0,0,1,0,0,0
27-Left_jpg.rf.14644d265d63f8c4807945f9b0ad2ed2.jpg,1,0,0,0,0,0
5-Left_jpg.rf.b3885a3d70313bee31c7120182c61e02.jpg,0,0,0,0,0,1
9-Left_jpg.rf.7ee14957364b4a8a2a47c9ca6b2f49d2.jpg,0,0,0,0,0,1
8-Back_jpg.rf.ba89cf1ae13e1990efe9408ee192a5cc.jpg,0,0,0,0,0,1
4-Right_jpg.rf.811a7a948c9c81eb91be262e63b7179d.jpg,0,0,0,0,0,1
34-Right_jpg.rf.99df3987aedfc53a51b4d58fa7516416.jpg,0,0,1,0,0,0
23-Top-Down_jpg.rf.469186fc23fcc2b9000e6a0051ddd7d6.jpg,0,0,0,0,1,0
18-Right_jpg.rf.2937d6eca568ec1539469019769c3d1c.jpg,1,0,0,0,0,0
27-Back_jpg.rf.75bf4b985816342a442fb9a4feadf5bb.jpg,1,0,0,0,0,0
14-Left_jpg.rf.062464002fb89e0dea73a6c0774fd6a9.jpg,1,0,0,0,0,0
27-Back_jpg.rf.3e062d5b7787d56946946980ecd019b3.jpg,0,0,0,1,0,0
13-Top-Down_jpg.rf.ceda98bc519fd5e9828427014fc40078.jpg,0,0,0,0,1,0
18-Front_jpg.rf.95a096b119ab210414a4ee2a17a83bc3.jpg,1,0,0,0,0,0
29-Top-Down_jpg.rf.d8a3779331c0563db869378adb3c9ba1.jpg,0,1,0,0,0,0
16-Right_jpg.rf.a9e6b7e04e4e8608dd54c0c763e92afd.jpg,0,0,0,0,0,1
35-Right_jpg.rf.dff889a8581b776052d923ba166a1f75.jpg,1,0,0,0,0,0
13-Right_jpg.rf.41b4ae7edbf269e4f814aafd527a5a6d.jpg,1,0,0,0,0,0
20-Back_jpg.rf.552b2b0bb44152d7330d350101794621.jpg,0,0,0,1,0,0
19-Front_jpg.rf.f73627557bafe8fb1d28f5a58d1fc753.jpg,1,0,0,0,0,0
6-Left_jpg.rf.d6279f6c6ffc6f1b61b225b37e099375.jpg,0,0,0,1,0,0
11-Top-Down_jpg.rf.d11000179b527034dc7c5f5e13e072a9.jpg,0,0,0,1,0,0
2-Left_jpg.rf.fecb7d87e32d391a3fa4535208df49c3.jpg,1,0,0,0,0,0
32Top-Down_jpg.rf.6bf08dfbc9bc783db71494230e72b299.jpg,1,0,0,0,0,0
35-Top-Down_jpg.rf.f1b5efa75e0951f7171c7dbbe06e9b96.jpg,0,0,1,0,0,0
12-Front_jpg.rf.cd3304493b10553dc3bb02fee0825ea1.jpg,0,0,1,0,0,0
25-Front_jpg.rf.548224fb9af4e3c43e5b09eb7bca040c.jpg,0,0,0,1,0,0
25-Top-Down_jpg.rf.eb4fffe5f587e5b524e5ef47741855e0.jpg,0,0,0,0,1,0
33-Right_jpg.rf.5c2fcd672cf2c426d57e92df8ee44956.jpg,1,0,0,0,0,0
11-Right_jpg.rf.c4e62e2ca8f16bafd1add275e773a9cb.jpg,0,0,0,1,0,0
24-Top-Down_jpg.rf.9779efc3baec1f3a54013c169a451e79.jpg,0,0,0,1,0,0
14-Back_jpg.rf.0609a753570719bf18dcec848958c36f.jpg,0,0,0,0,0,1
11-Back_jpg.rf.26f57e944eb71bcdd62f383d136b7587.jpg,0,0,1,0,0,0
5-Back_jpg.rf.d597145bf92e7f11de5ea7b52bcb40c9.jpg,0,0,0,0,1,0
37-Back_jpg.rf.f16f0bccc0163199f408e43d6658ffce.jpg,0,1,0,0,0,0
35-Front_jpg.rf.d7682a66172f12cdeb9f32364199fee1.jpg,1,0,0,0,0,0
2-Top-Down_jpg.rf.ffd93b48c03364355465cdbe6e7193d0.jpg,0,1,0,0,0,0
48-Left_jpg.rf.0d07ff9c356ac901f1fd20327f53db40.jpg,0,1,0,0,0,0
23-Top-Down_jpg.rf.e9660aa041450e182e8f5d901bf23f6c.jpg,0,0,0,0,1,0
34-Back_jpg.rf.30c9cfb5d723939330f5781fd5f04dd0.jpg,0,0,1,0,0,0
7-Top-Down_jpg.rf.729378959ee5355048d99779f021acab.jpg,0,0,0,1,0,0
16-Right_jpg.rf.6fd8fcdd0949d8eba7d086b5bd071b04.jpg,0,0,0,1,0,0
2-Top-Down_jpg.rf.2bf96ce679e0b00dd521a95c4d0d781a.jpg,0,0,0,1,0,0
13-Back_jpg.rf.102dcc2ba3d6182ced8130b23015c5fa.jpg,0,0,0,1,0,0
7-Back_jpg.rf.81bb417edda43ee460823e1c92b84e9a.jpg,0,0,1,0,0,0
2-Right_jpg.rf.05354c0321825464ae0015fa624d56ef.jpg,0,1,0,0,0,0
11-Left_jpg.rf.b0dd3978d4ce69f5e7bb031995f21e31.jpg,0,0,1,0,0,0
23-Back_jpg.rf.6b6d21bb4063314aca885f6970f7ce26.jpg,0,0,1,0,0,0
11-Top-Down_jpg.rf.aa741232c58ec0cbdd9172201c812854.jpg,0,0,0,1,0,0
7-Top-Down_jpg.rf.20a67258a5fab8c8006d772b885ec8b6.jpg,0,0,0,0,0,1
55-Front_jpg.rf.acb5f003954b6cb141c7d3e7e04319d2.jpg,0,1,0,0,0,0
34-Left_jpg.rf.69bb96359ab01094d9f44ca2a6fc4253.jpg,0,1,0,0,0,0
3-Left_jpg.rf.4a98350d0dda7a7b672f5d4094772d25.jpg,0,0,0,0,0,1
34-Back_jpg.rf.8ed4c7523e769b570959430e83575563.jpg,0,0,1,0,0,0
9-Back_jpg.rf.3245dc74913a4fc037e414ab2b4ce3d7.jpg,1,0,0,0,0,0
8-Left_jpg.rf.d137ddf57b2fd08e0886564c1d4d0b75.jpg,0,0,0,0,0,1
24-Left_jpg.rf.c5e3f89124511505bb242820205a4c91.jpg,0,1,0,0,0,0
31-Right_jpg.rf.3b8b552426c4e41e1db3cba3e5c2084b.jpg,1,0,0,0,0,0
17-Top-Down_jpg.rf.d49baf32d0f15827c3e3987555d8c75a.jpg,0,0,0,1,0,0
2-Back_jpg.rf.f1f825d819102b17fc71dee451af2371.jpg,0,0,0,0,1,0
54-Right_jpg.rf.0c832438ee3e1d216ae2bf736ca24152.jpg,0,1,0,0,0,0
39-Top-Down_jpg.rf.1b628cc356ce9077a376dcf8d37f453c.jpg,0,1,0,0,0,0
55-Left_jpg.rf.3bd9dbae24c31ad19b2b5c4ae83c40de.jpg,0,1,0,0,0,0
48-Top-Down_jpg.rf.8d5097a10db8e86016f2596dbd13926a.jpg,0,1,0,0,0,0
33-Left_jpg.rf.f3a0e4cebcf55b081528c5f9cb5d8c63.jpg,0,1,0,0,0,0
19-Left_jpg.rf.e9995259cb393c8f5309482f9853ee68.jpg,0,0,0,0,1,0
28-Front_jpg.rf.54d70bdaf5b3314bbf3c795186aada84.jpg,1,0,0,0,0,0
57-Right_jpg.rf.68da15343605a7d43b21282f6c35213f.jpg,0,1,0,0,0,0
18-Left_jpg.rf.974d04a2189999a9c4ea99424f6d2543.jpg,0,0,1,0,0,0
22-Right_jpg.rf.8eae5351f18969213c3e16cfe00f11b1.jpg,0,0,0,0,1,0
13-Back_jpg.rf.c29c4d424df544480da5ca894c1753cb.jpg,0,0,0,0,0,1
29-Left_jpg.rf.ff6871e5b2efff232bfffcc451c36882.jpg,0,0,0,0,1,0
51-Back_jpg.rf.e4cb92f7efc69bc8aeda98266b599faa.jpg,0,1,0,0,0,0
25-Left_jpg.rf.e1d2039fd3108989b657c6456a968405.jpg,0,0,0,1,0,0
2-Left_jpg.rf.5b3ecf099f52a4b89c7e494b13066b27.jpg,0,0,0,0,1,0
51-Left_jpg.rf.8c3c9130ac3865eb52964cc39abbae96.jpg,0,1,0,0,0,0
6-Front_jpg.rf.3da77f6b98d0ac017af556fae1892014.jpg,0,0,0,0,0,1
31-Top-Down_jpg.rf.90f43370a6163448812aab719654ea7f.jpg,0,0,1,0,0,0
26-Back_jpg.rf.ba60cc9332174adb7d1ed649f2e89025.jpg,0,0,0,1,0,0
29-Right_jpg.rf.27a0265b9844fd482c7b9440f50d36b9.jpg,0,0,0,0,1,0
14-Back_jpg.rf.a1543ceaab832959af619ba705d2a389.jpg,0,0,0,1,0,0
30-Right_jpg.rf.f6c899244b4b230f7b9475e7624a27ba.jpg,0,0,1,0,0,0
29-Front_jpg.rf.3703720ebb034ef482742bb87f76894b.jpg,0,1,0,0,0,0
27-Front_jpg.rf.10eae883d29e3aeb1d992df9d0fc49d2.jpg,0,0,1,0,0,0
57-Back_jpg.rf.d02c33d3a2689b1b3ac21eb4f2b41292.jpg,0,1,0,0,0,0
38-Back_jpg.rf.75c695e44a821763d1145a7917ed7647.jpg,0,0,1,0,0,0
18-Back_jpg.rf.7ded61164183ef33395d5b81ac3a965e.jpg,0,0,0,1,0,0
50-Right_jpg.rf.cff35335cfb615b86ae235cc622eab20.jpg,0,1,0,0,0,0
4-Left_jpg.rf.5e85a04e80e0539f3be796d3df11a8e1.jpg,0,0,0,0,1,0
26-Back_jpg.rf.001999456368f34614f6f5c396668ca9.jpg,0,0,0,1,0,0
12-Back_jpg.rf.3bc3cbe74c33ad106a8da28e06829bd4.jpg,0,1,0,0,0,0
13-Right_jpg.rf.1b0cede4ddf2babc508d2c21eef93bda.jpg,0,0,0,0,1,0
14-Back_jpg.rf.3d452a323cd0b46b991d82083ed8e46f.jpg,0,1,0,0,0,0
23-Top-Down_jpg.rf.b149d5c88c2faaa256da0e90788a9b75.jpg,0,0,0,1,0,0
33-Back_jpg.rf.d71df1b107c536ad93b226fbc7052d0c.jpg,1,0,0,0,0,0
20-Top-Down_jpg.rf.e8fb0ea3dafac3ca6b0dd9542222d692.jpg,1,0,0,0,0,0
35-Top-Down_jpg.rf.1888bc01875c83d34c1a2f8a091b63d2.jpg,0,0,1,0,0,0
27-Top-Down_jpg.rf.4d6ba0c08c3d62969abe643beb35f25b.jpg,0,0,0,0,1,0
36-Front_jpg.rf.3f6c157da430c69e13bfe43760379ba7.jpg,1,0,0,0,0,0
13-Back_jpg.rf.e7661406e3086cf7139fc0c041a7f02b.jpg,1,0,0,0,0,0
25-Top-Down_jpg.rf.bff3abe3451c3524b1090b09ba191f4e.jpg,0,0,0,0,1,0
16-Left_jpg.rf.cbdaf20d21e9a3ba188959bbb07343da.jpg,0,0,0,0,0,1
23-Front_jpg.rf.447ff0aa101d96f4e6e2ab2d175eb54c.jpg,0,0,0,1,0,0
5-Left_jpg.rf.e6efa7495d2c18a04514a0bf753dc315.jpg,0,0,0,0,0,1
1-Left_jpg.rf.e44787c023d2196171c8cf0472674297.jpg,0,1,0,0,0,0
18-Right_jpg.rf.af8408ee84ea126443da57de7b37ba1b.jpg,0,0,0,1,0,0
1-Back_jpg.rf.de9d19e8a25f0d8e1f7e9a453cce29bc.jpg,0,0,0,0,0,1
28-Right_jpg.rf.509709ff1ae17cbbbaa2c51f11e09e92.jpg,1,0,0,0,0,0
57-Right_jpg.rf.a99b7023fae5c4a93d6edc75e89844e9.jpg,0,1,0,0,0,0
29-Top-Down_jpg.rf.165100d7fee427aeed8feb4b15942dae.jpg,0,0,1,0,0,0
54-Back_jpg.rf.b206234fd94dab661fef302715ce8f2f.jpg,0,1,0,0,0,0
14-Back_jpg.rf.0b0af70855039c9dca2b7aceb5b1d78c.jpg,0,0,0,0,0,1
2-Right_jpg.rf.c5d9df2e21a86c4f3250c2d7a90b6929.jpg,0,0,0,1,0,0
57-Front_jpg.rf.eb48f178839f429ded497200e899fe4d.jpg,0,1,0,0,0,0
38-Left_jpg.rf.9b4bab6e1bd083c0d2c495b4cf2ff16f.jpg,0,0,1,0,0,0
11-Back_jpg.rf.3c45c46cd15b9b0e001a74a7dd35f7c4.jpg,0,0,0,1,0,0
2-Top-Down_jpg.rf.c35b972588c8e123ea3a924c616460ee.jpg,0,0,0,0,0,1
50-Right_jpg.rf.a33815fb43c5ea59746c869745522f97.jpg,0,1,0,0,0,0
51-Back_jpg.rf.f2ae69eeb08a07aab2ab3f61e7fdd922.jpg,0,1,0,0,0,0
18-Left_jpg.rf.4d93fb9a233f01c4a902723405ab0660.jpg,0,0,0,0,1,0
10-Left_jpg.rf.c1555f37940b7d5bd040943835c732b6.jpg,0,0,0,1,0,0
20-Top-Down_jpg.rf.7f1dc981e9f800a2cffd2fc3651da837.jpg,0,0,1,0,0,0
6-Back_jpg.rf.cea68aff3ee7838361b5b89b4faa4619.jpg,0,0,0,0,0,1
38-Back_jpg.rf.3643d6e28ded22b9d6e9946221c66ada.jpg,0,0,1,0,0,0
10-Left_jpg.rf.3524f289c00c142bcb547f00a034f889.jpg,0,0,0,1,0,0
7-Left_jpg.rf.ffbf47a119ad9300b9bd032012cfa3ca.jpg,0,0,0,0,0,1
5-Top-Down_jpg.rf.88a47fa42e93cee5b7f6913a03bf0b56.jpg,0,0,0,0,0,1
25-Back_jpg.rf.ce6fca6f80fb63dc7fe8340f1f860966.jpg,0,0,0,0,1,0
50-Right_jpg.rf.59beca182771aa2b360e4b44ab87153f.jpg,0,1,0,0,0,0
31Front_jpg.rf.f3610bab8221a8e97dbe772c440543f8.jpg,1,0,0,0,0,0
14-Left_jpg.rf.4e5b752fdf963a36b2fdbbd33f3402c9.jpg,0,0,1,0,0,0
4-Right_jpg.rf.21615cbab63ca5b6d07f719c1102aeec.jpg,0,0,0,0,1,0
39-Right_jpg.rf.5009df074da564ae882d14a45e8f2825.jpg,0,1,0,0,0,0
14-Top-Down_jpg.rf.6f3044075624997014e288d9a4d5f4fc.jpg,0,0,0,0,1,0
17-Right_jpg.rf.b667f5a0b236972c4fb863d834737bc1.jpg,0,1,0,0,0,0
23-Top-Down_jpg.rf.aef0a648ff9b7f1539e1aba4aa0e197e.jpg,1,0,0,0,0,0
29-Right_jpg.rf.f8f2fa48f9d9704dde51135267aa63f9.jpg,0,0,0,0,1,0
5-Right_jpg.rf.0e37b9e72a48353107ff180fd2cc80c7.jpg,0,0,0,0,0,1
12-Left_jpg.rf.e6359216ed8e8d4b09e2455a4a8ec4d1.jpg,0,0,0,1,0,0
1-Top-Down_jpg.rf.fd6e77ee58563500bff1167db24e4e7a.jpg,0,0,0,0,0,1
26-Back_jpg.rf.e74d9b9dab84b2f0ad69f1c92eb6a370.jpg,0,0,0,0,1,0
11-Top-Down_jpg.rf.d4c9c7fad21b6ac5f70927a27ad5dbc3.jpg,0,0,0,0,1,0
24-Front_jpg.rf.a7aad39839d5b1f8858e1c4544c96a36.jpg,0,0,1,0,0,0
3-Right_jpg.rf.bfc96f554463daeb37349faa3f10736f.jpg,0,0,1,0,0,0
48-Left_jpg.rf.17ac18801e995211c4024e9783ed4749.jpg,0,1,0,0,0,0
2-Left_jpg.rf.006bf30ac06dd4f5fd4684f5b98a7195.jpg,1,0,0,0,0,0
11-Left_jpg.rf.ee6893a7bc7557afb86cd6646997562a.jpg,0,0,0,1,0,0
30-Right_jpg.rf.a50897e7caf741092c4df61f213b7acc.jpg,1,0,0,0,0,0
1-Top-Down_jpg.rf.0cba4af92d3f10e834a339c3a092abc3.jpg,0,0,0,0,0,1
14-Front_jpg.rf.bcdd2d8f8107e8168c969777c872c256.jpg,0,0,0,0,0,1
21-Left_jpg.rf.c9fe257337098598ab6fd66f57aad349.jpg,0,0,1,0,0,0
30-Top-Down_jpg.rf.84d0b535a05a658fbe2a31c4b30c5a5f.jpg,0,0,1,0,0,0
54-Back_jpg.rf.7e46bc7d47c5e2b2f34719e62376bdb1.jpg,0,1,0,0,0,0
27-Left_jpg.rf.be073ced318ab6fc349412f6cc618b68.jpg,0,0,1,0,0,0
2-Right_jpg.rf.b61fabcf8e7694f0ba5b51880e9d6612.jpg,0,0,0,0,1,0
1-Back_jpg.rf.d732897f661b79ac226a85e4511fe5ed.jpg,0,0,1,0,0,0
34-Right_jpg.rf.28916c45d1a0f9b56f3382c07569b778.jpg,0,1,0,0,0,0
29-Right_jpg.rf.c6a0ca80c662a9f1f50895fe4c59bc41.jpg,0,1,0,0,0,0
15-Left_jpg.rf.41fa84034d64f667ea8005ff232e2dc9.jpg,0,0,1,0,0,0
19-Left_jpg.rf.410b07ca304d6259930248a8f465d1ca.jpg,0,0,0,0,1,0
24-Right_jpg.rf.f99f9036e3e6316303110e3098c5b253.jpg,0,0,1,0,0,0
14-Front_jpg.rf.8ebe95a7e12359ffae433cd65483ddd1.jpg,0,0,0,1,0,0
16-Back_jpg.rf.deb3a40b223d75c2b4178b11b3049af5.jpg,0,0,0,0,1,0
24-Top-Down_jpg.rf.148518dcb3d073ef10e398e6b2304775.jpg,0,0,1,0,0,0
14-Right_jpg.rf.0a3de0182a6f27a0747d1657e59d30e2.jpg,0,0,0,0,0,1
36-Back_jpg.rf.6317e93592c2b307a18017a387cb665f.jpg,1,0,0,0,0,0
50-Front_jpg.rf.febc72423a191c04651a405b9df34be7.jpg,0,1,0,0,0,0
13-Left_jpg.rf.e8435ec110a97f7b4a61066013693a4f.jpg,0,0,0,1,0,0
16-Top-Down_jpg.rf.426ce2c296952537b4bf8b4697f396c6.jpg,0,0,0,0,1,0
14-Front_jpg.rf.c0b0475a52fa68df272b5fe40c8d06d9.jpg,0,0,0,0,0,1
38-Right_jpg.rf.296c581b23311ec8ee6f7b0708c8ec3c.jpg,0,1,0,0,0,0
20-Left_jpg.rf.c4d75e5d707ac7abef21fdd78e12450f.jpg,0,0,1,0,0,0
10-Right_jpg.rf.f6b09f82404a65b1fe565da64ac8cdf2.jpg,0,0,1,0,0,0
14-Left_jpg.rf.8f85129b42fb2755137eeffa31833c1c.jpg,0,0,1,0,0,0
39-Front_jpg.rf.ef9d183568883925b876ad7ec2759100.jpg,0,1,0,0,0,0
28-Back_jpg.rf.9d5d3e2c56d6bcd77467a5728a6bdc43.jpg,1,0,0,0,0,0
23-Right_jpg.rf.439b098bb4bbd34b34385c29fca9495d.jpg,0,0,1,0,0,0
13-Top-Down_jpg.rf.e7c15d67bb7da9bd6b211f5cf9c28408.jpg,0,0,0,0,1,0
29-Left_jpg.rf.8087c04fc7044cc9a0636a253c71252b.jpg,0,1,0,0,0,0
2-Top-Down_jpg.rf.fc4d6c205ecf563356b52233a28d0661.jpg,0,1,0,0,0,0
29-Right_jpg.rf.4b7511e9c4e28fa00bb77b931975ea51.jpg,0,1,0,0,0,0
14-Back_jpg.rf.adf2d115d2e93a6cbd773517cb9f0522.jpg,0,0,1,0,0,0
39-Right_jpg.rf.31de38abc31d3708f23db54c0174cb26.jpg,0,0,1,0,0,0
23-Back_jpg.rf.228546d33e76e7466852856a5022373c.jpg,0,0,1,0,0,0
28-Top-Down_jpg.rf.8cf154d7bb8a55bef699bee312e48c26.jpg,0,0,0,0,1,0
37-Top-Down_jpg.rf.4f2974170bd6b762d0afce78d67a4550.jpg,1,0,0,0,0,0
19-Back_jpg.rf.b79f47d05962aadf05e198ddd94c4b7d.jpg,1,0,0,0,0,0
6-Left_jpg.rf.86cce1e4535400b183fe7d97613f78a5.jpg,0,1,0,0,0,0
6-Left_jpg.rf.9e26376c1388d3f2f89bd36723c3d9c8.jpg,0,0,0,0,0,1
16-Right_jpg.rf.6af567bc51e1c3c76a411de34de6accd.jpg,0,0,0,0,1,0
5-Front_jpg.rf.831da96c701d69257d35c621d2f97332.jpg,0,0,0,0,1,0
8-Front_jpg.rf.8bff279fda1353a5a06fe3af6a263fe8.jpg,0,0,0,1,0,0
1-Right_jpg.rf.245c4cac272ca5fdc1a654b308ecc8f8.jpg,1,0,0,0,0,0
30-Left_jpg.rf.0511c15deb74dc518b80adeac91e7662.jpg,0,0,0,0,1,0
3-Right_jpg.rf.dbaf2ef8738a6e74a3debfa81a6eb839.jpg,0,0,0,0,0,1
14-Back_jpg.rf.76c7b4b9a95792f8273c8ed398d603f9.jpg,0,0,1,0,0,0
6-Front_jpg.rf.53649665513482729cb50e43d9d672a1.jpg,0,1,0,0,0,0
1-Right_jpg.rf.be7317b8a2253867fb6146e16f9d7be3.jpg,0,0,0,1,0,0
27-Top-Down_jpg.rf.a8f780793a69df36cdf35695283c96a8.jpg,0,0,1,0,0,0
37-Top-Down_jpg.rf.1a05bcbaea3e5ed6acf9d5b7404db065.jpg,0,0,1,0,0,0
27-Left_jpg.rf.175476aee143d9b5b6e4b24903fc1da1.jpg,0,0,0,1,0,0
7-Left_jpg.rf.9231d28e22f2e65a4817e67469f3177c.jpg,0,0,0,0,0,1
32-Front_jpg.rf.44f511d77a2e5692d292518086a490af.jpg,1,0,0,0,0,0
25-Front_jpg.rf.b4f1baf2e40ac7410ab16ca0247dba17.jpg,0,0,0,0,1,0
35-Left_jpg.rf.a649af9854448dc71ce5ef8ed20f3af4.jpg,1,0,0,0,0,0
19-Right_jpg.rf.c2932614e61c1c5c74b234f49826c4b3.jpg,1,0,0,0,0,0
22-Left_jpg.rf.715fb91126ace6aaa54182b5f9ab4981.jpg,0,0,0,1,0,0
4-Left_jpg.rf.80518f2e2c2f619508cad34093d44aaf.jpg,0,0,0,0,0,1
39-Left_jpg.rf.97b9ee655e23a76c79d64330406513fb.jpg,0,0,1,0,0,0
1-Right_jpg.rf.f48272fdd740aea822d837ce7a0bce95.jpg,0,1,0,0,0,0
13-Front_jpg.rf.e6da413ca0b502784f137e897316475b.jpg,0,0,0,0,1,0
1-Front_jpg.rf.3588629afaaebefbc8587e19aa50182d.jpg,0,0,1,0,0,0
12-Back_jpg.rf.2f5ff62a9d5ed83ffbe6c12245cd2e9b.jpg,0,1,0,0,0,0
28-Top-Down_jpg.rf.acc3a01ef90daa4e76d152da28eaa295.jpg,1,0,0,0,0,0
17-Left_jpg.rf.782ee5e73fdcd5f59833c04484796536.jpg,1,0,0,0,0,0
27-Right_jpg.rf.1e38fef630d338d7f26d21a5b2551085.jpg,1,0,0,0,0,0
30-Right_jpg.rf.411ffd5ae9431fef2316de0810cd7e34.jpg,0,0,1,0,0,0
2-Front_jpg.rf.5cd5b78f2efa29c21971199199a8574c.jpg,0,0,0,0,0,1
11-Top-Down_jpg.rf.52d26f06859b4d4a1c01450eeba5b1d2.jpg,0,0,0,0,0,1
2-Front_jpg.rf.fdb61a47134bfe5748d8ebba07b3284e.jpg,0,0,0,0,0,1
14-Left_jpg.rf.a6b8dc9104baf28b57f54f85bc7c5fac.jpg,0,1,0,0,0,0
17-Back_jpg.rf.753f1d355c1745bddd4d14c0c70b90a2.jpg,1,0,0,0,0,0
15-Top-Down_jpg.rf.6063e703faa39658fa18920044f81fc3.jpg,0,0,0,0,0,1
22-Top-Down_jpg.rf.28a129b551dc06c8ff8f1a2d384fa002.jpg,1,0,0,0,0,0
21-Front_jpg.rf.520a6964734c664855d7ef8d35d9f100.jpg,0,0,1,0,0,0
15-Top-Down_jpg.rf.8d6ee0ff5860acd584747856cdad64f0.jpg,0,0,0,0,0,1
36-Top-Down_jpg.rf.cdebcd06059b66cdf59ee72d2c604b08.jpg,0,0,1,0,0,0
6-Top-Down_jpg.rf.3c062e20c186ce64cdef7c8c2aa03999.jpg,0,0,0,0,0,1
11-Front_jpg.rf.ddf0f234acf9bff568873ae0612635bf.jpg,0,0,1,0,0,0
22-Left_jpg.rf.87449a2417f5275c0762cc03c3ae84cd.jpg,0,0,0,1,0,0
12-Left_jpg.rf.a27aea52abb98e95420bdc2f25f8d85e.jpg,0,1,0,0,0,0
27-Top-Down_jpg.rf.38e0fd1d2d26ff705715ce3d1e7402b8.jpg,1,0,0,0,0,0
11-Left_jpg.rf.b1a88c94b99e4cb86a75115e566e3e91.jpg,0,0,0,0,1,0
33-Back_jpg.rf.ef80297aa58eb95d3abf22d3d4604d0a.jpg,0,1,0,0,0,0
20-Left_jpg.rf.027f1a2d67261d3f215cc349d2ed7e54.jpg,0,0,0,0,1,0
26-Back_jpg.rf.14551e5b78166d0def07d62ecfc9031a.jpg,0,0,0,1,0,0
23-Top-Down_jpg.rf.f891e5b9f5117309ae9dff469e234422.jpg,0,0,0,0,1,0
23-Left_jpg.rf.52537ff61ba84e68a0bb8933613c3f0e.jpg,0,0,0,1,0,0
13-Left_jpg.rf.4fde7a1979b8b065f0ef87d2b2e8384d.jpg,1,0,0,0,0,0
13-Left_jpg.rf.5d2914007d8f7e35c592a2b672d5318d.jpg,1,0,0,0,0,0
23-Top-Down_jpg.rf.b27623e17c8b2cec9556360ac69e197b.jpg,0,1,0,0,0,0
13-Front_jpg.rf.6a1d0d765ff94fbb756e0436fa3b780d.jpg,0,0,0,0,0,1
15-Left_jpg.rf.9344cc3aea833d3f4d2d154d33351b6d.jpg,0,0,0,0,1,0
23-Back_jpg.rf.8e8d0ea64db7382ef1c9c5b45ae6fac2.jpg,0,0,1,0,0,0
18-Left_jpg.rf.0072102f32e54ae4fb1aada2d0545248.jpg,0,0,1,0,0,0
18-Left_jpg.rf.0afa28f7af1b7117782511c19fd6ec27.jpg,0,0,0,0,1,0
10-Left_jpg.rf.9bec4675e9392380c783908bb4b45052.jpg,0,0,1,0,0,0
14-Back_jpg.rf.b14c5d6b028f879bd571d81cf23a61ee.jpg,0,0,0,1,0,0
11-Front_jpg.rf.824cd747e3bc78618effd72d94ba63ab.jpg,0,0,1,0,0,0
19-Back_jpg.rf.18c0569b53ed68f4b14ca5ff846141bc.jpg,1,0,0,0,0,0
34-Right_jpg.rf.d3bfe3325557eb268fcb94c9a3244ee0.jpg,0,0,1,0,0,0
2-Back_jpg.rf.0e24fbbbadf1461dc2b5a264d388288c.jpg,0,1,0,0,0,0
27-Left_jpg.rf.569238cba8405e5869f6ceafb855b669.jpg,0,0,0,0,1,0
22-Back_jpg.rf.96e8925c346a948e09d3a713ac9f0aad.jpg,0,0,0,0,1,0
17-Top-Down_jpg.rf.1f45d3def298ceea21d93175e8bc91a7.jpg,0,0,0,1,0,0
16-Back_jpg.rf.7064514602292c5cf21115941bfbbda1.jpg,0,0,0,0,0,1
24-Front_jpg.rf.d04e3f23df654fa69495732af00e346e.jpg,1,0,0,0,0,0
8-Top-Down_jpg.rf.9610556ce3a794a1e05b837e7bd95657.jpg,0,0,0,0,0,1
23-Front_jpg.rf.b39baeb7a6037d4bfa66f3cd049873cb.jpg,0,0,0,0,1,0
26-Left_jpg.rf.c222db1da25097650e5602b4fa77e5f5.jpg,0,0,0,1,0,0
6-Right_jpg.rf.f7010ac3c83cfc828f7176617febde71.jpg,0,1,0,0,0,0
12-Right_jpg.rf.e7c43e93fe295c56a7f91b6b0c9df90c.jpg,0,0,0,0,0,1
17-Back_jpg.rf.ac2a206efe5a06961b11f6d93e997647.jpg,0,0,0,0,0,1
21-Back_jpg.rf.ae86d9945b65bfa03202ad304265da9f.jpg,0,0,0,1,0,0
13-Left_jpg.rf.47347354108ab13acb31d9effa8137a2.jpg,0,0,0,0,0,1
48-Front_jpg.rf.2195bd0ba25772bcc6c8245162495f9e.jpg,0,1,0,0,0,0
11-Right_jpg.rf.e2c8168db9e1beb7233e1fed24c9df08.jpg,0,0,0,0,0,1
8-Back_jpg.rf.97151c8c157938af6214d04685f58e9c.jpg,0,0,0,1,0,0
30-Top-Down_jpg.rf.d41c5a62bd80e3ca877d1d47fe12b79f.jpg,0,0,1,0,0,0
7-Left_jpg.rf.7b8c279911b269d5e91ea52485ac8647.jpg,0,0,1,0,0,0
13-Top-Down_jpg.rf.1a2b74050328f51e3473f6b57d80105e.jpg,1,0,0,0,0,0
18-Top-Down_jpg.rf.0644708f03a49489efc171070897482b.jpg,0,0,1,0,0,0
6-Left_jpg.rf.6e0e9f4e5e61cff72027c5c674095adb.jpg,0,0,0,0,0,1
18-Back_jpg.rf.574156c97f8ff6f8de3cc829aa333c5a.jpg,0,0,0,1,0,0
15-Right_jpg.rf.dd243601fad6d3dd73b62f9d7c579dc6.jpg,0,0,0,0,0,1
28-Top-Down_jpg.rf.f598bbb5530ff274fbbbcba7f019b500.jpg,0,0,0,0,1,0
39-Top-Down_jpg.rf.756b779b5fe7f88fcc5b16e154df0da7.jpg,0,0,1,0,0,0
17-Left_jpg.rf.38ae8f9d76a99aa056de5f32730765ed.jpg,0,0,0,0,0,1
15-Back_jpg.rf.cb4ad4ec3224d2e9ed430e61e35fec5a.jpg,0,0,0,0,1,0
48-Top-Down_jpg.rf.7e25c259d8ae5b1cb64ec48ba992f738.jpg,0,1,0,0,0,0
20-Left_jpg.rf.2507c6779afba3d06cfda259216cd0a8.jpg,0,0,0,1,0,0
23-Right_jpg.rf.1f041d85f9657b02045c824483f89500.jpg,0,0,0,1,0,0
14-Right_jpg.rf.ccf414ccc63c9a8e1ceb12b0b0b990c6.jpg,1,0,0,0,0,0
3-Top-Down_jpg.rf.a265eb72648cfd18dcc6a51ed8237e3b.jpg,0,0,0,0,0,1
30-Back_jpg.rf.e02f43e9f5d1f6f3f48d59b3e1d042ee.jpg,1,0,0,0,0,0
7-Back_jpg.rf.db538328c1403c6695a02db0e7f7d696.jpg,0,0,0,0,0,1
17-Front_jpg.rf.e5601f040740fce05e90cc1ec451848a.jpg,0,0,0,0,0,1
34-Left_jpg.rf.d1d2b61b8cee2787f5baa392114132d3.jpg,0,1,0,0,0,0
11-Left_jpg.rf.b1d3e4e056164e4d6e5c51c589c9aba3.jpg,0,0,0,0,1,0
15-Left_jpg.rf.eb6fb157e5bd56b2a5561f20ce85506f.jpg,0,0,0,0,1,0
4-Left_jpg.rf.749d58d46e1891481fb670044c31df26.jpg,0,0,0,0,1,0
12-Back_jpg.rf.220c4320581ca89f7f5af224292217fc.jpg,0,0,0,1,0,0
14-Top-Down_jpg.rf.092964c815794653e4d41ff6cf19c6b5.jpg,0,0,0,0,1,0
25-Top-Down_jpg.rf.d537833dc2807a0bccb3f5644a01da39.jpg,0,0,0,0,1,0
4-Front_jpg.rf.6acbe54fe2316f4d1d91c0f3ceb02390.jpg,0,0,0,0,1,0
20-Front_jpg.rf.fe355d54e1bf0fa259b907eb3d3ba956.jpg,1,0,0,0,0,0
11-Back_jpg.rf.e53424466b9d2f79f65bab267d382dec.jpg,0,0,0,0,0,1
14-Right_jpg.rf.532bef6a7707f8e2d81df88e2ef6172b.jpg,0,0,0,1,0,0
21-Back_jpg.rf.15ba00bafc92d92f34f327911d0e6f19.jpg,0,0,0,0,1,0
7-Top-Down_jpg.rf.1ef842c03e2fab22be37af7fbd7ad17f.jpg,0,0,1,0,0,0
34-Back_jpg.rf.76c6ab2c5f1b0a8cadb19512f7a21779.jpg,0,1,0,0,0,0
18-Front_jpg.rf.a624533114289185dc5fdcfc89164b05.jpg,0,0,0,1,0,0
39-Right_jpg.rf.d1c845af755c93bd2370de2fbe54f7f7.jpg,0,0,1,0,0,0
31-Top-Down_jpg.rf.e96439f98ed2aa0ead74956b87782d8d.jpg,1,0,0,0,0,0
39-Front_jpg.rf.5ed5071c41381631982bbf364606beb7.jpg,0,1,0,0,0,0
39-Right_jpg.rf.689eedf31018063729b4e7f6ba6ff5e6.jpg,0,1,0,0,0,0
23-Back_jpg.rf.6a658b9a879a54fb235c96b02e55e298.jpg,0,1,0,0,0,0
17-Top-Down_jpg.rf.bfb1244321aa24135111980c72b96bb2.jpg,0,1,0,0,0,0
15-Top-Down_jpg.rf.3ed0a1e4a3b08d894ab1d8780f695310.jpg,0,0,0,0,0,1
12-Back_jpg.rf.c463dd38d4301b6940661aa562b847d4.jpg,0,0,0,1,0,0
31-Front_jpg.rf.be63647ad81383af65f33f477a9620b4.jpg,0,1,0,0,0,0
7-Front_jpg.rf.d88b7d8ee2420f8bfc661057d291da26.jpg,0,0,1,0,0,0
18-Front_jpg.rf.42c130e94fd68e89955b8dbde533c032.jpg,0,0,0,0,1,0
35-Front_jpg.rf.c3947831952abf054b7a63b6d64efdd8.jpg,0,0,1,0,0,0
18-Front_jpg.rf.af6cce1e7588d32d7e1af2363ead7a7d.jpg,0,0,1,0,0,0
5-Top-Down_jpg.rf.4710d4d69d8ec17ccb94c8b51b10c6c8.jpg,0,0,0,0,0,1
11-Top-Down_jpg.rf.4d42363b4a3da6fdac46235d48b42be1.jpg,0,0,0,0,1,0
18-Front_jpg.rf.6da89b38dbe06ceb6c2c3a23f1d9e323.jpg,0,0,0,1,0,0
23-Left_jpg.rf.a95634a262d0f7e056d2af06f510f612.jpg,0,0,0,1,0,0
55-Front_jpg.rf.8e33204ae51619dbc14b2c05374a5816.jpg,0,1,0,0,0,0
6-Right_jpg.rf.5540d8405364983561afc08455d19ac1.jpg,0,1,0,0,0,0
36-Back_jpg.rf.e42e0138de9b554b9de8b38682f6692c.jpg,1,0,0,0,0,0
24-Right_jpg.rf.16754c6fe3c952a8148a7f0957f313e1.jpg,0,1,0,0,0,0
1-Right_jpg.rf.1a568df37978245c23b4c9d0c6e56b84.jpg,0,0,0,0,0,1
22-Right_jpg.rf.c087620e0fe52a52dfa888dcab15dcf7.jpg,1,0,0,0,0,0
14-Right_jpg.rf.165884699beb6b77b4232f5ea5fb9279.jpg,0,1,0,0,0,0
12-Top-Down_jpg.rf.002af0e2d63ed1acccb0f7283a09e7b3.jpg,0,0,0,1,0,0
22-Back_jpg.rf.0d57c937ca8f169539027d0b9baf2334.jpg,0,0,0,0,1,0
17-Right_jpg.rf.dfa9655dcb480732130c80d4008a7911.jpg,0,1,0,0,0,0
1-Back_jpg.rf.e3d57deafa246c2f10ad7a3405ea2c3f.jpg,0,0,0,0,0,1
24-Left_jpg.rf.aa75aca349c397c076c23255aef4af38.jpg,0,0,1,0,0,0
27-Front_jpg.rf.b485ddafb0d072c4c0b7304e17440c5b.jpg,1,0,0,0,0,0
4-Back_jpg.rf.cea3cfb784612ceba7e7b0a7a4fc4046.jpg,0,0,0,0,0,1
24-Left_jpg.rf.90037e3759037ac10f2ed2c2bc9a9798.jpg,1,0,0,0,0,0
24-Front_jpg.rf.43ef77b5a6b55d3ffc11525c507da2d0.jpg,0,1,0,0,0,0
19-Top-Down_jpg.rf.9e25bbd5e3be936e4c36aad21ce217aa.jpg,1,0,0,0,0,0
28-Top-Down_jpg.rf.590a7be773b4d4241dd2ffaae8255744.jpg,1,0,0,0,0,0
35-Front_jpg.rf.5439d363fb35b5c5a5f607abf42b7ce9.jpg,0,0,1,0,0,0
8-Left_jpg.rf.f846b78af164b7b725514ee1339f4d4c.jpg,0,0,0,1,0,0
37-Back_jpg.rf.20086121ad1079634fa200c85bf884ae.jpg,0,0,1,0,0,0
9-Top-Down_jpg.rf.a3f7227eca05de67d938c03befdea25b.jpg,0,0,0,0,0,1
1-Right_jpg.rf.de588c9f317fff066723f07fb5d07b16.jpg,0,0,0,0,0,1
2-Top-Down_jpg.rf.faed95d91512809ce81d3e39bfde2fbf.jpg,1,0,0,0,0,0
9-Top-Down_jpg.rf.f6786c3f60f446dbbdfc92e0f7f6a229.jpg,1,0,0,0,0,0
11-Top-Down_jpg.rf.e5f30cd161e3c5ffe3226a866e0fdf28.jpg,0,0,0,1,0,0
2-Left_jpg.rf.6cae8adb9a7fd1df7ec324c85f0a53ce.jpg,0,0,0,0,1,0
11-Front_jpg.rf.b8d3990880494d68bb35cce2fa0be11c.jpg,0,0,0,1,0,0
21-Front_jpg.rf.f6798c4d98489d8e8378057ef511461a.jpg,0,0,0,0,1,0
27-Right_jpg.rf.323e2440b2b7e4a63697f9187819b11e.jpg,0,0,1,0,0,0
10-Back_jpg.rf.a76bdc44829c209bfe7ce7fa7bfb6bc1.jpg,0,0,1,0,0,0
1-Left_jpg.rf.19a70b916a5c6644362f4a502fc6c354.jpg,0,0,0,1,0,0
6-Right_jpg.rf.2fb513b08f18092bda9dfaa8c02b017d.jpg,0,0,0,0,0,1
21-Front_jpg.rf.c1d24b02e46d5dffa5d7f83b34565ff4.jpg,0,0,0,1,0,0
18-Front_jpg.rf.5190584afeb0dd4d33e4bfbec2e24043.jpg,0,0,1,0,0,0
18-Right_jpg.rf.421bd7945e8596d380ce8e116115e99f.jpg,1,0,0,0,0,0
11-Back_jpg.rf.3acd176fc73f6227e4e2c88f763430ae.jpg,0,0,1,0,0,0
27-Right_jpg.rf.fad194b594ca101bc4f680e47dc10527.jpg,0,0,1,0,0,0
10-Right_jpg.rf.6ac40bf0e215bf44e8c73488d3140fde.jpg,0,0,0,0,0,1
12-Right_jpg.rf.5f2b683d4fb37c16a3a9dfb88c4ce8aa.jpg,0,1,0,0,0,0
12-Top-Down_jpg.rf.45c244fc7d594a5fa56da61ecb0daf7e.jpg,0,0,0,0,0,1
54-Right_jpg.rf.6764a0583f0d1876f3fb3faede47bc2e.jpg,0,1,0,0,0,0
13-Front_jpg.rf.319bd21c21c2a66c7a3c67e7e8a06016.jpg,1,0,0,0,0,0
29-Right_jpg.rf.b39d44ec4af6e665c0eb30ce3f3bf44e.jpg,0,0,0,0,1,0
12-Top-Down_jpg.rf.58a38e921f0261283b72891cc6e28108.jpg,0,0,0,1,0,0
34-Front_jpg.rf.c937a789731250102d682f0c14d28cd0.jpg,0,0,1,0,0,0
30-Front_jpg.rf.79c55b0531c8d13249a61f7e3967a5f9.jpg,1,0,0,0,0,0
34-Top-Down_jpg.rf.6cdc45fd20238717e14d3c3e2d58a3c2.jpg,0,1,0,0,0,0
17-Left_jpg.rf.9ef2846958aea54e364d2f5c5049ca3f.jpg,0,1,0,0,0,0
22-Right_jpg.rf.8c8f2683bc8d52db35d88fe19f9f8f5b.jpg,1,0,0,0,0,0
1-Back_jpg.rf.78a9fe10892b179615f1d1c2a6151260.jpg,0,0,0,1,0,0
33-Front_jpg.rf.44641dc69d5a6edf32940d8032e58b1d.jpg,1,0,0,0,0,0
30-Front_jpg.rf.b16028364dc53f03481447ae1a56a91a.jpg,1,0,0,0,0,0
7-Left_jpg.rf.9ccb2827f73494f7c48ffa996c815451.jpg,0,0,0,0,0,1
57-Right_jpg.rf.c6ebc2d6aa7920e586851057b0c5103e.jpg,0,1,0,0,0,0
33-Front_jpg.rf.e2e835f81a378814cbd803d12711a2c7.jpg,0,1,0,0,0,0
31-Back_jpg.rf.1240cdb9d4edcde07495c89c0b03735e.jpg,0,1,0,0,0,0
27-Top-Down_jpg.rf.e8d2f6279398038866d3cc52a1381bad.jpg,0,0,0,0,1,0
27-Front_jpg.rf.2ac195390d4d5ae69d3aa7825af49f74.jpg,1,0,0,0,0,0
11-Top-Down_jpg.rf.66c7734f7e06ee826a90d3ad1610c28c.jpg,0,0,0,0,0,1
20-Left_jpg.rf.d36fbf999868ee3baf8d7c528b013cf7.jpg,0,0,0,1,0,0
1-Back_jpg.rf.7368f9f8d6cbf848760ba69f892c1ab1.jpg,0,0,0,0,1,0
5-Right_jpg.rf.2a9355ae1cede63877c4d03f30421ae3.jpg,0,0,0,0,1,0
39-Left_jpg.rf.1792ba89fc131dc4af587e4a3d42bc76.jpg,0,1,0,0,0,0
32Top-Down_jpg.rf.bd06c26ceaecd464517d78b242ce8d12.jpg,1,0,0,0,0,0
35-Back_jpg.rf.66b21b6c1432b8a71e2a8905c4b601c1.jpg,1,0,0,0,0,0
19-Top-Down_jpg.rf.aa7c586d10f6bee33d31d004442ff6ee.jpg,1,0,0,0,0,0
33-Left_jpg.rf.91eccec4606a56e8eac6baa7e7a0e1ce.jpg,0,1,0,0,0,0
27-Top-Down_jpg.rf.b102541e637966c1fa199d97b911b540.jpg,0,0,0,1,0,0
20-Back_jpg.rf.bd1505f5fd02fe12a35c130b3ee7ac3d.jpg,0,0,0,1,0,0
6-Left_jpg.rf.a38c730db48bc1b0e374064569dacfb4.jpg,0,1,0,0,0,0
20-Front_jpg.rf.7c6a475a02b603925be8d5a94660049d.jpg,0,0,1,0,0,0
21-Left_jpg.rf.236e602fa95d946173cb054692bb5af0.jpg,0,0,0,0,1,0
15-Back_jpg.rf.a7fc51bcfd8c50bd19f9c0416d7ead13.jpg,0,0,0,0,1,0
6-Left_jpg.rf.f6f363c1482fb7c63e97e598968fd2df.jpg,0,0,0,1,0,0
13-Top-Down_jpg.rf.bc308be54f6c6fe38dbec5c60bc9dfb8.jpg,0,0,0,0,1,0
13-Back_jpg.rf.125c6b47760af1022786d27c63f152b4.jpg,1,0,0,0,0,0
26-Left_jpg.rf.197de4857c0fba874efe9cfb385c7f04.jpg,0,0,0,1,0,0
1-Front_jpg.rf.68c8cc362372339f8fb1b2c93a1b8e94.jpg,0,0,0,0,1,0
28-Right_jpg.rf.4aa9ee96c94c1f4274c2c36174b77d47.jpg,1,0,0,0,0,0
21-Back_jpg.rf.437383a3bd931aa2cf82882c8178f0f7.jpg,0,0,0,1,0,0
28-Left_jpg.rf.4d9b8599fc0e8a83b29e6bfc80361fcb.jpg,0,0,0,0,1,0
20-Top-Down_jpg.rf.05821801c924ab64f154b8c12c40d009.jpg,1,0,0,0,0,0
15-Right_jpg.rf.5319a8e59f3f8f3ed1a3d31c38fe480a.jpg,0,0,0,0,0,1
20-Top-Down_jpg.rf.4d74957b0fb4ab778dd37c06efcce53d.jpg,0,0,1,0,0,0
7-Top-Down_jpg.rf.af14eaf5d084b4b5e5ee64f201d4d84f.jpg,0,0,0,1,0,0
33-Top-Down_jpg.rf.9327756f9fe6143a1205d1926f7c3ecd.jpg,1,0,0,0,0,0
24-Top-Down_jpg.rf.f2423b40ca4c0b05c20fe6236d044b70.jpg,0,0,0,1,0,0
11-Left_jpg.rf.f0e50a95cb68561ed4fa8936dc040d91.jpg,0,0,1,0,0,0
30-Front_jpg.rf.9d49f88c9fcb23be2d4bb076d60ae58a.jpg,1,0,0,0,0,0
24-Back_jpg.rf.ad2228c5221f6b89202c98f04aa7fff7.jpg,0,0,0,1,0,0
2-Top-Down_jpg.rf.4b3caa34a72a38e2c16de867bba6e92d.jpg,0,0,0,0,1,0
21-Right_jpg.rf.0c69d10acbec4a7638a5ed581e1a854d.jpg,0,0,0,1,0,0
16-Left_jpg.rf.2381550337eab6275a6ea5ebf2e8ac6f.jpg,0,0,1,0,0,0
14-Right_jpg.rf.31200e75bb3cd208f02e240a8e292322.jpg,0,1,0,0,0,0
2-Right_jpg.rf.9ce3548244eeab326d4ddbd942d1e4ce.jpg,0,0,0,0,0,1
3-Back_jpg.rf.7f208c3794d8a0c19fe6b05b471114bf.jpg,0,0,0,0,0,1
15-Right_jpg.rf.ef47f723a7a0ca8c66fbb4cb4e89fce2.jpg,0,0,0,0,1,0
21-Back_jpg.rf.006cee7fcffe15f7cfbe84924ffae917.jpg,0,0,1,0,0,0
33-Back_jpg.rf.a630dd463c145fcddd34a42278819abe.jpg,1,0,0,0,0,0
14-Back_jpg.rf.fc052906de7a9f9a141c6011aee8fbad.jpg,0,0,1,0,0,0
7-Front_jpg.rf.f75e55424ccfe3fe375fd78011303e2f.jpg,0,0,0,1,0,0
35-Left_jpg.rf.827d8534d55274ab7f0d1bb5ad758c88.jpg,0,0,1,0,0,0
31-Right_jpg.rf.1cabed9fa45f2d3d3f730f32683e1534.jpg,1,0,0,0,0,0
14-Right_jpg.rf.25bff524f9a6509dbebf78e0de763111.jpg,0,0,0,1,0,0
22-Front_jpg.rf.83cff63f9110af7c89845554dc189a2e.jpg,0,0,0,1,0,0
4-Left_jpg.rf.d303304eee51dcf9f0b484c9e501f22e.jpg,0,0,0,0,0,1
8-Right_jpg.rf.7ecd97d6445eda20a4722c7f8e29ed97.jpg,0,0,0,0,0,1
28-Left_jpg.rf.3f7f14b77d48f26e18941e65344619c7.jpg,0,0,0,0,1,0
14-Right_jpg.rf.2a4956235f08e79ceed2cd01312f7434.jpg,0,0,1,0,0,0
8-Left_jpg.rf.9994ed2172b6c7e372ab2a1f7570c5e6.jpg,0,0,0,1,0,0
24-Front_jpg.rf.4b81fb9493c35f29941ba1a50e12e16b.jpg,0,1,0,0,0,0
1-Back_jpg.rf.3b34476a6ef0a00a9c617a140ebe9bf6.jpg,0,0,0,0,1,0
10-Left_jpg.rf.89fa25b40dffdf6561a707a54cdb6ad1.jpg,0,0,0,1,0,0
21-Left_jpg.rf.93ddc488ae6987f8a49354da306af0fa.jpg,0,0,0,1,0,0
32Left_jpg.rf.4a0dde8547856fe3720fc0a301230d90.jpg,1,0,0,0,0,0
39-Back_jpg.rf.7efc0e976686e0920fd0ed274032e8f5.jpg,0,0,1,0,0,0
51-Top-Down_jpg.rf.8a1a8faabfae5175d35cd0c5e6ff8dfd.jpg,0,1,0,0,0,0
12-Left_jpg.rf.81e327384915c1878f8ec7166754bc9d.jpg,0,0,1,0,0,0
10-Right_jpg.rf.3d0f4980b97117e216790b3fd0b1759f.jpg,0,0,1,0,0,0
51-Top-Down_jpg.rf.511a740301507767e7b6845119415eb0.jpg,0,1,0,0,0,0
20-Top-Down_jpg.rf.81acc941054dc8399276e062836e091c.jpg,0,0,0,0,1,0
37-Front_jpg.rf.aefc1796c7050a4da026394a190e6e8e.jpg,0,1,0,0,0,0
9-Back_jpg.rf.c23eefb9766bb799d8ae413f0db687fe.jpg,0,0,0,0,0,1
22-Right_jpg.rf.b6e1d493c9ab72ca6f478428243da1f9.jpg,0,0,0,0,1,0
28-Front_jpg.rf.a3aaef1cb226165f656d544779b850d0.jpg,0,0,0,0,1,0
19-Top-Down_jpg.rf.bde778d781ef522152d093c71a3531f7.jpg,1,0,0,0,0,0
19-Front_jpg.rf.35c195b3db9f29daa552aaf7ebb706d4.jpg,1,0,0,0,0,0
38-Right_jpg.rf.c61b12d33fb0cc56bff7ff5e79e76c78.jpg,0,0,1,0,0,0
14-Left_jpg.rf.0077ea0156df31abad08b5f2daa16b07.jpg,1,0,0,0,0,0
19-Front_jpg.rf.f970d9b9aa0e1214066223a4d9cd68af.jpg,1,0,0,0,0,0
2-Front_jpg.rf.bc086f6acf77658f43f3231cba2ebfa8.jpg,0,0,0,0,0,1
1-Left_jpg.rf.b6840e71735395d69b33c1bf6f3054f1.jpg,0,0,0,0,0,1
57-Back_jpg.rf.eb943fa6a188e63a0410eb1af145937f.jpg,0,1,0,0,0,0
36-Left_jpg.rf.4d2a3ad635b49f9264e4a67bc5d9d045.jpg,0,0,1,0,0,0
55-Left_jpg.rf.ab699fcacebcc2ad467f8cc8dc1efd96.jpg,0,1,0,0,0,0
39-Back_jpg.rf.81528140db08d0c771bf07ada477eed0.jpg,0,0,1,0,0,0
2-Top-Down_jpg.rf.e3b18d4e3ea1cef2b44d83c22a86933d.jpg,0,1,0,0,0,0
1-Back_jpg.rf.cdccfc2a3b482e8a9e91b8fbcf396386.jpg,0,0,0,1,0,0
36-Front_jpg.rf.237ec719dc73bbdfd69916ee26d8c9d8.jpg,0,1,0,0,0,0
1-Front_jpg.rf.3ba6007ccc8dd2580304cd31ef5321c5.jpg,0,0,0,0,0,1
2-Top-Down_jpg.rf.99badc41077165a1dbd0216c4aa3288d.jpg,1,0,0,0,0,0
24-Left_jpg.rf.0949ff2d8fa7dcbef17b76774a36960a.jpg,0,0,1,0,0,0
3-Back_jpg.rf.15c6d2637d26dfa5c45ff22a59a13578.jpg,1,0,0,0,0,0
39-Back_jpg.rf.c5c7230e7d69229feb69b81d4ea04e85.jpg,0,1,0,0,0,0
7-Front_jpg.rf.ba166ab02874239bf92de50e9013917a.jpg,0,0,0,1,0,0
2-Right_jpg.rf.85140c5fea2e3a6f8383132e1908d606.jpg,0,0,0,0,1,0
12-Left_jpg.rf.af619ed9bb82049549ef3be0643d6139.jpg,0,1,0,0,0,0
29-Front_jpg.rf.eb0a6a83296384fb2afde91aac19fc8a.jpg,0,0,0,0,1,0
39-Top-Down_jpg.rf.2b00856f3ec642c5d18a5e97aa0f05b6.jpg,0,1,0,0,0,0
16-Top-Down_jpg.rf.16d998144165c01e4a7b26b0c44f4360.jpg,0,0,0,0,1,0
32Top-Down_jpg.rf.1a6520b33cb4f8f4e22e52ac4c960868.jpg,1,0,0,0,0,0
37-Front_jpg.rf.7ad8cbf9d3b5d08653c220c9e0330e0a.jpg,0,1,0,0,0,0
6-Front_jpg.rf.13960584899aef0c6c9210467d141d8e.jpg,0,0,0,1,0,0
1-Top-Down_jpg.rf.54386600f90d2bae7212e0865a668fb3.jpg,0,0,0,0,0,1
12-Back_jpg.rf.7f9c14615df80b27abebbba54754a0e9.jpg,0,0,0,1,0,0
18-Left_jpg.rf.7608ae5f0a776deef1a401d900080cd8.jpg,1,0,0,0,0,0
13-Right_jpg.rf.6408e9fac610f85b86743f3620226763.jpg,0,0,0,1,0,0
14-Right_jpg.rf.2d02ee2ab5460e4c2c3ba04b6cfd7d0e.jpg,0,0,1,0,0,0
13-Right_jpg.rf.3d1ba85c99f2b4fe0e18e7502af6e4d0.jpg,0,0,0,0,1,0
13-Left_jpg.rf.49d7b0b9e3939495913ee02bf2dd9482.jpg,1,0,0,0,0,0
14-Front_jpg.rf.b35d48c0d0f51a656e571c5a2e5c2666.jpg,0,0,1,0,0,0
50-Front_jpg.rf.a0c4a917f83ac2be9684182a256efdee.jpg,0,1,0,0,0,0
12-Left_jpg.rf.5d35b5221a00eeced28ec10e41477e1a.jpg,0,0,1,0,0,0
8-Back_jpg.rf.342e6c3c0053dc75a798e622b5ea0813.jpg,0,0,0,0,0,1
13-Front_jpg.rf.503e6d5beb1de7b3d98b26f3ecbe8000.jpg,0,0,0,0,1,0
2-Right_jpg.rf.d79587d7f83f6fa7a441103b2d256df1.jpg,1,0,0,0,0,0
22-Back_jpg.rf.a7d85ae829eb401c98115a08f5693ad4.jpg,1,0,0,0,0,0
17-Front_jpg.rf.8a1ea4b699c10dde03cb2bbc5b78bf2c.jpg,0,0,0,0,0,1
19-Left_jpg.rf.941ea79f33b79f4fca44f463a6d682e8.jpg,1,0,0,0,0,0
36-Right_jpg.rf.15bb4b52717da2059146f9ca9db7c9a8.jpg,1,0,0,0,0,0
14-Right_jpg.rf.0570623484dc801d33593c6199e49c1c.jpg,0,0,0,0,0,1
36-Front_jpg.rf.a8978d8a3e3a52d7285a32706cdf2a2b.jpg,1,0,0,0,0,0
23-Back_jpg.rf.3635c4a8b6059a52972d7f277208952e.jpg,0,1,0,0,0,0
13-Right_jpg.rf.8c2a561a9024f0b845a89ebe7aab567f.jpg,0,0,0,0,1,0
1-Left_jpg.rf.aba1e5b989d113cdef2d845738cf2f4b.jpg,0,0,0,0,0,1
3-Top-Down_jpg.rf.f1142a25a0fcd0ba0ef94e1b1b482b77.jpg,1,0,0,0,0,0
37-Top-Down_jpg.rf.30683ea6c39cae808ddd9616c60e4775.jpg,0,0,1,0,0,0
24-Right_jpg.rf.b2eae26b2061fcc90eb12642f242169d.jpg,0,0,0,1,0,0
23-Top-Down_jpg.rf.bbd7adae6de02af624a9ab27aa68c88e.jpg,0,0,0,1,0,0
2-Back_jpg.rf.d1012f1906225c1762f63167efa20e39.jpg,0,0,0,1,0,0
55-Back_jpg.rf.faed51b56705df3e9c007ed0ab820a22.jpg,0,1,0,0,0,0
18-Top-Down_jpg.rf.7d8278fcaeeae7fc2fa3e3d49fe78862.jpg,0,0,0,1,0,0
3-Right_jpg.rf.caf3a8d01fc536845be85af6259d5e81.jpg,0,0,1,0,0,0
21-Right_jpg.rf.3ee6791eb3003fce369a7104dc2dfe97.jpg,1,0,0,0,0,0
15-Right_jpg.rf.0f87501f5b3a5bfb4321106921fe4f93.jpg,0,0,0,1,0,0
27-Back_jpg.rf.ce32d619535c924679d6590faa5d7ce8.jpg,1,0,0,0,0,0
4-Front_jpg.rf.21d5743b78101f289b567854647aa444.jpg,0,1,0,0,0,0
9-Top-Down_jpg.rf.c9c29c94247dc1bfa11fb19619653df9.jpg,0,0,0,0,0,1
23-Top-Down_jpg.rf.ab558dce4b8414b98efdd02ba6d8045e.jpg,0,1,0,0,0,0
7-Front_jpg.rf.7176bb59f4663e53688352535b02fd93.jpg,0,0,0,0,0,1
6-Back_jpg.rf.8da6d05bf88fdf2d5038d74ecf175cf8.jpg,1,0,0,0,0,0
4-Top-Down_jpg.rf.d0f9413cfb45e0f3047f37b396c3b350.jpg,0,1,0,0,0,0
11-Top-Down_jpg.rf.fbaf19e163e38cac3a8893b899e45a47.jpg,0,0,0,0,1,0
30-Left_jpg.rf.dbdab99d285884a2ed40758dd106f780.jpg,0,0,1,0,0,0
23-Front_jpg.rf.28fadf91f24fcbb9a183ea6d7b6654ff.jpg,0,0,1,0,0,0
15-Front_jpg.rf.71dce791ce621a6d3fc6e601e3640e99.jpg,0,0,0,0,0,1
7-Back_jpg.rf.3daf00514ba519496e8a3b23248d5057.jpg,0,0,0,0,0,1
13-Front_jpg.rf.a851cbdb688d45c22900aee80416553d.jpg,0,0,0,1,0,0
37-Front_jpg.rf.a1763ff4f40784cb2c87f0936c4dff24.jpg,1,0,0,0,0,0
5-Right_jpg.rf.94e29a9e8455e0329e550d15f2032654.jpg,0,0,0,0,1,0
31Left_jpg.rf.35e2ac4b0cee68b4c69c73703ef35332.jpg,1,0,0,0,0,0
14-Back_jpg.rf.0b0bb118139939fc62db39a5a8388616.jpg,0,0,0,0,1,0
23-Right_jpg.rf.c1ce1ac98e803f52ccdce38b8ee463c3.jpg,1,0,0,0,0,0
27-Front_jpg.rf.a54fab29ff70937df58f353408beb056.jpg,0,0,0,0,1,0
27-Front_jpg.rf.f7571011a1e83da192b8754e2e58ed92.jpg,0,0,0,1,0,0
34-Right_jpg.rf.d5fa9b0c4e81f0c73d1185c9b404b123.jpg,0,1,0,0,0,0
33-Back_jpg.rf.a2d143acbab08106476cf048bf6741aa.jpg,0,1,0,0,0,0
28-Top-Down_jpg.rf.c29e06fa67d8d0af23c7f9a7bfb4c27e.jpg,0,0,0,0,1,0
13-Top-Down_jpg.rf.71ce419746e97164dbd25730ffbf3f47.jpg,1,0,0,0,0,0
14-Back_jpg.rf.8641b007c511733577e544f1211989ef.jpg,0,0,0,1,0,0
16-Left_jpg.rf.dc4d2d7490f086c6e56d7c7944d137de.jpg,0,0,0,0,0,1
25-Back_jpg.rf.c5b2b2ec8470f2342f495e30fd2844bc.jpg,0,0,0,1,0,0
7-Front_jpg.rf.571fa64f32eb571510facb2b219da4aa.jpg,0,0,0,0,0,1
12-Right_jpg.rf.b876a7a84c01517524fd719c641c57f6.jpg,0,1,0,0,0,0
48-Right_jpg.rf.0fd1b6078dde228c819f8ed0afcba3f5.jpg,0,1,0,0,0,0
30-Top-Down_jpg.rf.442c560a8e09a4fd0aa05e8dedf8f535.jpg,1,0,0,0,0,0
27-Back_jpg.rf.cbc4599587bf3dc58e25766a24a4316f.jpg,0,0,0,0,1,0
6-Left_jpg.rf.ff2699bfb9097b848ff65de264fd2681.jpg,0,0,0,0,0,1
18-Front_jpg.rf.f4b6933f7c46b20735de132271f3dd21.jpg,1,0,0,0,0,0
2-Back_jpg.rf.90e270fa9b3817c26ff6d086bbdde54e.jpg,0,0,0,0,1,0
12-Right_jpg.rf.60dd3cf166f0aadcd4d72534d969c173.jpg,0,1,0,0,0,0
30-Front_jpg.rf.057e23ad00e5c1f54bab5df346b56992.jpg,0,0,0,0,1,0
3-Left_jpg.rf.4f0e93fc90f34aa4dbfe6e9f45e6277b.jpg,0,0,1,0,0,0
22-Back_jpg.rf.945483e23ed3d3e26e48eb976ddd893e.jpg,1,0,0,0,0,0
18-Left_jpg.rf.f12d8eb79e541f2fef937bd653d00691.jpg,0,0,0,0,1,0
3-Top-Down_jpg.rf.2ec6d69c7a29896dfad7b4ec824b7bb9.jpg,1,0,0,0,0,0
5-Right_jpg.rf.5886623921eb8d89bc857231421d9212.jpg,0,0,0,0,0,1
23-Front_jpg.rf.4d2c74f94d0773eef5413751be732ef9.jpg,0,0,0,0,1,0
7-Front_jpg.rf.7f1d21fd147eddfaeba582597165c898.jpg,0,0,0,0,0,1
4-Top-Down_jpg.rf.c53d13a013367e8ee091bfed973c157e.jpg,0,1,0,0,0,0
16-Back_jpg.rf.71c7daf1ca23d140eefbc0462bcf9c8d.jpg,0,0,0,1,0,0
25-Left_jpg.rf.bb7c82076245a822f432e8b5534ca125.jpg,0,0,0,0,1,0
34-Left_jpg.rf.3456d43e1b9ebbcf4b333c410831874c.jpg,0,0,1,0,0,0
31-Right_jpg.rf.0d95ffa16ec3642736e6fc5e8287e501.jpg,0,1,0,0,0,0
18-Right_jpg.rf.f7f5d18cb9ba1f352195f8308c239b3b.jpg,0,0,0,0,1,0
12-Right_jpg.rf.40ecb3394967b5959292005ee5cc17f7.jpg,0,0,0,1,0,0
17-Back_jpg.rf.5fef60198c5b8d6d6294a93e34ec3171.jpg,1,0,0,0,0,0
16-Front_jpg.rf.40ce3c4702c877458f160e5776940ad7.jpg,0,0,0,0,1,0
2-Left_jpg.rf.b64eac6ad0fedfc8e6e625179f51691b.jpg,1,0,0,0,0,0
32-Back_jpg.rf.7a5d7d171033d82bf2c9d7d203d935ec.jpg,1,0,0,0,0,0
14-Top-Down_jpg.rf.9c4a530031f8bf977d7f2e0b4595db96.jpg,1,0,0,0,0,0
11-Front_jpg.rf.7a8c5847996920a22a2322999e9669f8.jpg,0,0,1,0,0,0
23-Right_jpg.rf.27477868c75f53c0e34e75e28c238898.jpg,0,1,0,0,0,0
14-Left_jpg.rf.94f2c28a55950f10157b5518d9f0648f.jpg,0,0,0,1,0,0
30-Left_jpg.rf.50e21fa04689482da765435c1aaa61c4.jpg,0,0,1,0,0,0
19-Right_jpg.rf.2fdbc133dcd0ee34b6a96bd35f1e8040.jpg,0,0,0,0,1,0
15-Right_jpg.rf.3cf507b0b907ff690d3ac2e49cd90d8c.jpg,0,0,0,1,0,0
23-Top-Down_jpg.rf.bccc01003c3985da98b42c3f58033f22.jpg,0,0,1,0,0,0
6-Right_jpg.rf.b28db4d7bd9641bb394eeaede76545d5.jpg,0,1,0,0,0,0
8-Back_jpg.rf.d1e90c5ebf3a2f0dc1c867836f89186f.jpg,0,0,0,1,0,0
17-Top-Down_jpg.rf.81bf808dbb765dba341d2fae2fa231b8.jpg,0,1,0,0,0,0
50-Back_jpg.rf.8064044435b2198ed28ce5de4c3d9b79.jpg,0,1,0,0,0,0
37-Right_jpg.rf.9e6911c5afc8e3ccc813f5537a4757ad.jpg,0,0,1,0,0,0
39-Front_jpg.rf.5596f891771eb4b71797ac46cd8181b8.jpg,0,1,0,0,0,0
16-Back_jpg.rf.63aaf663b38288f8d4281ada9b546607.jpg,0,0,0,0,1,0
10-Back_jpg.rf.d046aa9a06c3609795768dfd52c7451d.jpg,0,0,1,0,0,0
48-Top-Down_jpg.rf.e0253f67b89ee8ac24a75b8b97f42671.jpg,0,1,0,0,0,0
27-Front_jpg.rf.54542e8d6673f7f425fe1c6912809ff3.jpg,0,0,0,0,1,0
37-Left_jpg.rf.7bfeddacdef6a81471dd919a58247950.jpg,0,0,1,0,0,0
31-Right_jpg.rf.58d3aa50aaf3562efc3d020fec45a981.jpg,0,1,0,0,0,0
23-Top-Down_jpg.rf.45eeaf361abf95397e963c056ee3c25e.jpg,1,0,0,0,0,0
38-Top-Down_jpg.rf.b3712165feef05eb2a7cf5f98bfc1743.jpg,0,0,1,0,0,0
27-Back_jpg.rf.470846cd7112031c0127355eeb8cddb7.jpg,0,0,0,1,0,0
34-Back_jpg.rf.5f1c49129dec3ccdce81432a95eec625.jpg,0,1,0,0,0,0
13-Right_jpg.rf.4c33fd1509c07a1185ac7c0ea05e63cf.jpg,0,0,0,1,0,0
16-Right_jpg.rf.129ce4794f6e44f06831f5ee8336d49b.jpg,0,0,0,0,0,1
22-Back_jpg.rf.01a2a5ab5b6c7e8d43fc578b43b6551d.jpg,1,0,0,0,0,0
6-Front_jpg.rf.adcaa8ee5a44af4cb5ff37b3348a852f.jpg,0,0,0,1,0,0
32-Front_jpg.rf.ff67a82be9476aa2e2a1dcaa63e6a8f9.jpg,1,0,0,0,0,0
22-Top-Down_jpg.rf.d6ff79c0fb7dcc90d51a533dbaca5eae.jpg,0,0,0,0,1,0
17-Top-Down_jpg.rf.04a63fbc0e84347a61e4a6597a7a3c3f.jpg,1,0,0,0,0,0
19-Front_jpg.rf.5c9762ade0aa698147192e693828ea80.jpg,0,0,0,0,1,0
14-Back_jpg.rf.4b9810eab2e18755f200a250ee37bf12.jpg,1,0,0,0,0,0
26-Front_jpg.rf.20b4ead548842580ae7a0bd90ff937f6.jpg,0,0,0,1,0,0
35-Top-Down_jpg.rf.50dccdfaf75d2baf46f5974f5dce5960.jpg,1,0,0,0,0,0
29-Left_jpg.rf.9100639b81752cb95c71186d6ae1d069.jpg,0,0,0,0,1,0
39-Left_jpg.rf.d6bdeea92c87191ef090a26e013b0f3a.jpg,0,1,0,0,0,0
23-Front_jpg.rf.38b5e37c68764a35f68956236edbbf75.jpg,1,0,0,0,0,0
23-Front_jpg.rf.c83ab3bc1640bf4379b1ee8a1566ec51.jpg,1,0,0,0,0,0
14-Right_jpg.rf.9276ce29c429137f40689a1d23049b7e.jpg,1,0,0,0,0,0
19-Back_jpg.rf.9a7a913d7c6e533f7ca28b56aee55cca.jpg,0,0,0,0,1,0
16-Right_jpg.rf.ff22a47beb8a3106623e8c19605dd388.jpg,0,0,0,0,0,1
31-Top-Down_jpg.rf.4a144a8845dfa4e14263894a2b858cde.jpg,1,0,0,0,0,0
27-Top-Down_jpg.rf.33c557d559c8230f6cf14ccf47afcb78.jpg,1,0,0,0,0,0
16-Back_jpg.rf.728081f12c1503dea502eeecfdf8573c.jpg,0,0,0,1,0,0
57-Front_jpg.rf.736572e68576ba899d74aff8eba21435.jpg,0,1,0,0,0,0
24-Back_jpg.rf.a1312fbc3a7c2aea9897c00d835faf16.jpg,0,0,0,1,0,0
39-Top-Down_jpg.rf.ca4301ef5b173070c415668b4fe24165.jpg,0,1,0,0,0,0
25-Back_jpg.rf.739d37099b2c0b04b12cefc05ed6adb8.jpg,0,0,0,0,1,0
38-Top-Down_jpg.rf.61cd8614a8381cdea515d2f41ece5418.jpg,0,0,1,0,0,0
35-Right_jpg.rf.9f5c8bdbe8ed8193e5fd4bbb2a4bbaca.jpg,0,0,1,0,0,0
9-Front_jpg.rf.34eb6c8123b9c2e479da2bd64de1ac0c.jpg,0,0,0,0,0,1
1-Right_jpg.rf.2ae21726f6ef2998aac1bff200a62e8e.jpg,0,0,0,1,0,0
6-Top-Down_jpg.rf.10803fcdff8f9e4fe5263e09c68f372e.jpg,1,0,0,0,0,0
37-Right_jpg.rf.9e78308c76c64b57c13a8407e7fd9856.jpg,0,0,1,0,0,0
14-Top-Down_jpg.rf.14c44ddf59fdce6873c52038ec6d171d.jpg,1,0,0,0,0,0
21-Left_jpg.rf.a57bd3751247bf7d48623913c9c63741.jpg,0,0,0,0,1,0
9-Back_jpg.rf.3353cd59d2f23ebb4218491a6b122d62.jpg,1,0,0,0,0,0
26-Right_jpg.rf.33204b9e1ed341c6a4efd01a35dedf07.jpg,0,0,0,0,1,0
15-Top-Down_jpg.rf.b6b751e93c3e98c940171ebf641a44d8.jpg,0,0,1,0,0,0
15-Left_jpg.rf.3ef27344a2ad94daa47f32e4a8566136.jpg,0,0,1,0,0,0
19-Left_jpg.rf.f9beb71416975dc7df26351751183717.jpg,1,0,0,0,0,0
24-Left_jpg.rf.888b44e96c929190d13d9cf1c2bc00bf.jpg,1,0,0,0,0,0
14-Back_jpg.rf.935abcd8f410b35d9c6a5bfcacb375c4.jpg,1,0,0,0,0,0
1-Front_jpg.rf.dcac8306fea2e3a33ae223d5d40c2cbf.jpg,0,0,0,0,1,0
8-Front_jpg.rf.2bf276c033db5d0ddcebc821d4b67a14.jpg,0,0,0,0,0,1
15-Top-Down_jpg.rf.c93af09825c88551cf9b589cb8607ce6.jpg,0,0,1,0,0,0
35-Right_jpg.rf.49840aafff66a30b169944a94678e458.jpg,1,0,0,0,0,0
23-Back_jpg.rf.1533482708af30b0144fb10d7803fb0a.jpg,0,0,0,0,1,0
35-Back_jpg.rf.276b4d38fda7ea7a0fbb91dd410da634.jpg,1,0,0,0,0,0
26-Left_jpg.rf.9db52f6461101f783679e423b97ff7f9.jpg,0,0,0,0,1,0
28-Front_jpg.rf.8af51005d9b44e806c3e70683ae6e3b5.jpg,0,0,0,0,1,0
21-Left_jpg.rf.9ad179c6318649725ee0f712ad93d1cc.jpg,0,0,1,0,0,0
30-Top-Down_jpg.rf.baaf97d5a589c45d9628cc3a0985ced0.jpg,0,0,0,0,1,0
13-Front_jpg.rf.0c803b56d861d9bdb85f2508f7f87ec6.jpg,1,0,0,0,0,0
35-Right_jpg.rf.659138635e0b20ca4dd5c6a2991e1efb.jpg,1,0,0,0,0,0
37-Top-Down_jpg.rf.f966b11ef342802359b939c677d37867.jpg,0,1,0,0,0,0
4-Back_jpg.rf.45c9cf3b3b2565f36aa28ad9e07af7d0.jpg,0,0,0,0,0,1
9-Top-Down_jpg.rf.d944d1caa3213629313c6969ec1c19aa.jpg,1,0,0,0,0,0
4-Right_jpg.rf.d63bfd8ca2468a29b9687282af14d493.jpg,0,0,0,0,1,0
14-Top-Down_jpg.rf.f94fa1cf90d169578db13d08b90fdb74.jpg,0,0,0,0,0,1
27-Left_jpg.rf.fd0a97efff284afdd55c4f08559d79e1.jpg,0,0,0,1,0,0
7-Top-Down_jpg.rf.cdd7753db30fec0f9c382d420227ad0c.jpg,0,0,0,1,0,0
23-Front_jpg.rf.01211be9971a501c66e6eebea92c3f27.jpg,0,0,0,0,1,0
13-Front_jpg.rf.4f56f7c14bc4a55e433a2e0816c30149.jpg,0,0,0,1,0,0
22-Top-Down_jpg.rf.8a8d6e608dcf01c4a26914fc63c8e680.jpg,1,0,0,0,0,0
13-Right_jpg.rf.eebeb7b2abca244ad2ae38403c1ebb90.jpg,0,0,0,1,0,0
3-Top-Down_jpg.rf.5e5d6ac68a95b9de0985b195b1b1d378.jpg,1,0,0,0,0,0
9-Right_jpg.rf.a3af540190ab08540e18dc91ecda6d7b.jpg,1,0,0,0,0,0
21-Left_jpg.rf.368c00d1761e60feb6fedeca72126a7d.jpg,0,0,0,0,1,0
13-Left_jpg.rf.7dc1ceae2412b5f739d950027a3051be.jpg,0,0,0,0,0,1
35-Right_jpg.rf.4708aa76fee42e6311e554aa08d7676b.jpg,0,0,1,0,0,0
23-Right_jpg.rf.dbdd92c68018d952cd3b363f925e7b01.jpg,0,0,0,1,0,0
